"","Sample_ID","AOI","Region","WellC","WellR","Plate","Area","Nuclei"
"1","DSP-1001660006524-C-A02","Derm","AKCenter","02","A","Skin13",28728.53,332
"2","DSP-1001660006524-C-A03","Derm","AKCenter","03","A","Skin13",27309.55,234
"3","DSP-1001660006524-C-A04","Derm","AKCenter","04","A","Skin13",25612.51,261
"4","DSP-1001660006524-C-A05","Epi","AKCenter","05","A","Skin13",26859.43,379
"5","DSP-1001660006524-C-A06","Epi","AKCenter","06","A","Skin13",24681.3,393
"6","DSP-1001660006524-C-A07","Epi","AKCenter","07","A","Skin13",32306.97,255
"7","DSP-1001660006524-C-A08","Derm","AKEdge","08","A","Skin13",24071.73,292
"8","DSP-1001660006524-C-A09","Derm","AKEdge","09","A","Skin13",19331.45,211
"9","DSP-1001660006524-C-A10","Derm","AKEdge","10","A","Skin13",20077.65,206
"10","DSP-1001660006524-C-A11","Epi","AKEdge","11","A","Skin13",19694.41,147
"11","DSP-1001660006524-C-A12","Epi","AKEdge","12","A","Skin13",14507.2,129
"12","DSP-1001660006524-C-B01","Epi","AKEdge","01","B","Skin13",17426.9,187
"13","DSP-1001660006524-C-B02","Derm","SunDamaged","02","B","Skin13",56379.5,356
"14","DSP-1001660006524-C-B03","Derm","SunDamaged","03","B","Skin13",40701.99,368
"15","DSP-1001660006524-C-B04","Derm","SunDamaged","04","B","Skin13",82043.56,295
"16","DSP-1001660006524-C-B05","Epi","SunDamaged","05","B","Skin13",32969.7,284
"17","DSP-1001660006524-C-B06","Epi","SunDamaged","06","B","Skin13",35307.76,299
"18","DSP-1001660006524-C-B07","Epi","SunDamaged","07","B","Skin13",44992.31,318
"19","DSP-1001660006524-C-B08","Derm","SunProtected","08","B","Skin13",45949.69,295
"20","DSP-1001660006524-C-B09","Derm","SunProtected","09","B","Skin13",43615.78,348
"21","DSP-1001660006524-C-B10","Derm","SunProtected","10","B","Skin13",72138.41,317
"22","DSP-1001660006524-C-B11","Epi","SunProtected","11","B","Skin13",25454.01,235
"23","DSP-1001660006524-C-B12","Epi","SunProtected","12","B","Skin13",27272.04,229
"24","DSP-1001660006524-C-C01","Epi","SunProtected","01","C","Skin13",24691.84,224
"25","DSP-1001660006524-C-C02","cSCC","cSCC_Stroma","02","C","Skin13",30080.48,253
"26","DSP-1001660006524-C-C03","cSCC","cSCC_Stroma","03","C","Skin13",17339.59,166
"27","DSP-1001660006524-C-C04","cSCC","cSCC_Stroma","04","C","Skin13",59413.64,415
"28","DSP-1001660006524-C-C05","cSCC","cSCC","05","C","Skin13",178918.66,265
"29","DSP-1001660006524-C-C06","cSCC","cSCC","06","C","Skin13",137640.46,321
"30","DSP-1001660006524-C-C07","cSCC","cSCC","07","C","Skin13",69381.04,352
"31","DSP-1001660006524-C-C08","cSCC","cSCC","08","C","Skin13",121718.1,200
"32","DSP-1001660006524-C-C09","cSCC","cSCC_Stroma","09","C","Skin13",12096.52,125
"33","DSP-1001660006524-C-C10","cSCC","cSCC_Stroma","10","C","Skin13",23012.52,257
"34","DSP-1001660006524-C-C11","cSCC","cSCC_Stroma","11","C","Skin13",18990.35,243
"35","DSP-1001660006524-C-C12","cSCC","cSCC","12","C","Skin13",50034.11,272
"36","DSP-1001660006524-C-D01","cSCC","cSCC","01","D","Skin13",51126.37,338
"37","DSP-1001660006524-C-D02","cSCC","cSCC","02","D","Skin13",36846.62,271
"38","DSP-1001660006524-C-D03","cSCC","cSCC","03","D","Skin13",30579.92,246
"39","DSP-1001660006524-C-D04","cSCC","cSCC","04","D","Skin13",28314.17,245
"40","DSP-1001660006524-C-D05","cSCC","cSCC","05","D","Skin13",22782.19,184
"41","DSP-1001660006524-C-D06","cSCC","cSCC_Stroma","06","D","Skin13",31957.09,265
"42","DSP-1001660006524-C-D07","cSCC","cSCC_Stroma","07","D","Skin13",29897.24,305
"43","DSP-1001660006524-C-D08","cSCC","cSCC_Stroma","08","D","Skin13",31536.18,281
"44","DSP-1001660006524-C-D09","cSCC","cSCC","09","D","Skin13",82363.43,213
"45","DSP-1001660006524-C-D10","cSCC","cSCC","10","D","Skin13",106092.31,208
"46","DSP-1001660006524-C-D11","cSCC","cSCC","11","D","Skin13",55697.62,250
"47","DSP-1001660006524-C-D12","cSCC","cSCC","12","D","Skin13",37254.44,214
"48","DSP-1001660006524-C-E01","cSCC","cSCC","01","E","Skin13",40232.72,226
"49","DSP-1001660006524-C-E02","cSCC","cSCC_Stroma","02","E","Skin13",76710.3,247
"50","DSP-1001660006524-C-E03","cSCC","cSCC_Stroma","03","E","Skin13",36059.55,199
"51","DSP-1001660006524-C-E04","cSCC","cSCC_Stroma","04","E","Skin13",84417.69,257
"52","DSP-1001660006524-C-E05","cSCC","cSCC","05","E","Skin13",56893.3,289
"53","DSP-1001660006524-C-E06","cSCC","cSCC","06","E","Skin13",44874.68,246
"54","DSP-1001660006524-C-E07","cSCC","cSCC","07","E","Skin13",68063.73,300
"55","DSP-1001660006524-C-E08","cSCC","cSCC","08","E","Skin13",36996.82,225
"56","DSP-1001660006524-C-E09","cSCC","cSCC","09","E","Skin13",35238.96,236
"57","DSP-1001660006524-C-E10","cSCC","cSCC","10","E","Skin13",41899.91,280
"58","DSP-1001660006524-C-E11","cSCC","cSCC_Stroma","11","E","Skin13",29961.57,207
"59","DSP-1001660006524-C-E12","cSCC","cSCC_Stroma","12","E","Skin13",39092.9,266
"60","DSP-1001660006524-C-F01","cSCC","cSCC_Stroma","01","F","Skin13",56074.95,392
"61","DSP-1001660006524-C-F02","cSCC","cSCC","02","F","Skin13",118152.59,912
"62","DSP-1001660006524-C-F03","cSCC","cSCC","03","F","Skin13",95090.43,181
"63","DSP-1001660006524-C-F04","cSCC","cSCC","04","F","Skin13",88999.32,380
"64","DSP-1001660006524-C-F05","cSCC","cSCC","05","F","Skin13",56402.8,337
"65","DSP-1001660006524-C-F06","cSCC","cSCC","06","F","Skin13",65967.17,376
"66","DSP-1001660006524-C-F07","cSCC","cSCC","07","F","Skin13",115942.23,1023
"67","DSP-1001660006525-B-A02","cSCC","cSCC_Stroma","02","A","Skin12",30835.47,294
"68","DSP-1001660006525-B-A03","cSCC","cSCC_Stroma","03","A","Skin12",41248.52,265
"69","DSP-1001660006525-B-A04","cSCC","cSCC_Stroma","04","A","Skin12",39198.4,257
"70","DSP-1001660006525-B-A05","cSCC","cSCC","05","A","Skin12",46011.15,214
"71","DSP-1001660006525-B-A06","cSCC","cSCC","06","A","Skin12",192406.88,274
"72","DSP-1001660006525-B-A07","cSCC","cSCC","07","A","Skin12",106656.39,294
"73","DSP-1001660006525-B-A08","cSCC","cSCC","08","A","Skin12",64804.84,213
"74","DSP-1001660006525-B-A09","cSCC","cSCC","09","A","Skin12",59697.6,225
"75","DSP-1001660006525-B-A10","cSCC","cSCC","10","A","Skin12",43130.39,207
"76","DSP-1001660006525-B-A11","cSCC","cSCC_Stroma","11","A","Skin12",107480.01,346
"77","DSP-1001660006525-B-A12","cSCC","cSCC_Stroma","12","A","Skin12",46948.41,353
"78","DSP-1001660006525-B-B01","cSCC","cSCC_Stroma","01","B","Skin12",82644.36,315
"79","DSP-1001660006525-B-B02","cSCC","cSCC","02","B","Skin12",142236.45,300
"80","DSP-1001660006525-B-B03","cSCC","cSCC","03","B","Skin12",186310.49,307
"81","DSP-1001660006525-B-B04","cSCC","cSCC","04","B","Skin12",80669.26,311
"82","DSP-1001660006525-B-B05","cSCC","cSCC","05","B","Skin12",129208.09,174
"83","DSP-1001660006525-B-B06","cSCC","cSCC","06","B","Skin12",60689.94,161
"84","DSP-1001660006525-B-B07","cSCC","cSCC","07","B","Skin12",50048,134
"85","DSP-1001660006525-B-B08","Derm","AKCenter","08","B","Skin12",93820.05,146
"86","DSP-1001660006525-B-B09","Derm","AKCenter","09","B","Skin12",101007.73,180
"87","DSP-1001660006525-B-B10","Derm","AKCenter","10","B","Skin12",57836.8,272
"88","DSP-1001660006525-B-B11","Epi","AKCenter","11","B","Skin12",17940.39,154
"89","DSP-1001660006525-B-B12","Epi","AKCenter","12","B","Skin12",26804.68,171
"90","DSP-1001660006525-B-C01","Epi","AKCenter","01","C","Skin12",20991.45,169
"91","DSP-1001660006525-B-C02","Derm","AKEdge","02","C","Skin12",87711.37,307
"92","DSP-1001660006525-B-C03","Derm","AKEdge","03","C","Skin12",136713.73,244
"93","DSP-1001660006525-B-C04","Derm","AKEdge","04","C","Skin12",136767.68,224
"94","DSP-1001660006525-B-C05","Epi","AKEdge","05","C","Skin12",42864.31,285
"95","DSP-1001660006525-B-C06","Epi","AKEdge","06","C","Skin12",46651.05,330
"96","DSP-1001660006525-B-C07","Epi","AKEdge","07","C","Skin12",58334.48,295
"97","DSP-1001660006525-B-C08","Derm","AKCenter","08","C","Skin12",68238.51,275
"98","DSP-1001660006525-B-C09","Derm","AKCenter","09","C","Skin12",62902.38,290
"99","DSP-1001660006525-B-C10","Derm","AKCenter","10","C","Skin12",79484.27,288
"100","DSP-1001660006525-B-C11","Epi","AKCenter","11","C","Skin12",92537.69,402
"101","DSP-1001660006525-B-C12","Epi","AKCenter","12","C","Skin12",99954.9,332
"102","DSP-1001660006525-B-D01","Epi","AKCenter","01","D","Skin12",87361.81,244
"103","DSP-1001660006525-B-D02","Derm","AKEdge","02","D","Skin12",107109.06,376
"104","DSP-1001660006525-B-D03","Derm","AKEdge","03","D","Skin12",118934.71,350
"105","DSP-1001660006525-B-D04","Derm","AKEdge","04","D","Skin12",114026.51,365
"106","DSP-1001660006525-B-D05","Epi","AKEdge","05","D","Skin12",82375.88,224
"107","DSP-1001660006525-B-D06","Epi","AKEdge","06","D","Skin12",89935.31,221
"108","DSP-1001660006525-B-D07","Epi","AKEdge","07","D","Skin12",60769.9,281
"109","DSP-1001660006525-B-D08","Derm","SunDamaged","08","D","Skin12",41937.58,315
"110","DSP-1001660006525-B-D09","Derm","SunDamaged","09","D","Skin12",42908.05,307
"111","DSP-1001660006525-B-D10","Derm","SunDamaged","10","D","Skin12",63473.64,266
"112","DSP-1001660006525-B-D11","Epi","SunDamaged","11","D","Skin12",30741.3,298
"113","DSP-1001660006525-B-D12","Epi","SunDamaged","12","D","Skin12",28715.13,220
"114","DSP-1001660006525-B-E01","Epi","SunDamaged","01","E","Skin12",38279.97,260
"115","DSP-1001660006525-B-E02","Derm","SunProtected","02","E","Skin12",180991.92,246
"116","DSP-1001660006525-B-E03","Derm","SunProtected","03","E","Skin12",88154.95,239
"117","DSP-1001660006525-B-E04","Derm","SunProtected","04","E","Skin12",75853.96,274
"118","DSP-1001660006525-B-E05","Epi","SunProtected","05","E","Skin12",21366.71,175
"119","DSP-1001660006525-B-E06","Epi","SunProtected","06","E","Skin12",34738.09,298
"120","DSP-1001660006525-B-E07","Epi","SunProtected","07","E","Skin12",25237.57,215
"121","DSP-1001660006525-B-E08","Derm","AKCenter","08","E","Skin12",47516.97,257
"122","DSP-1001660006525-B-E09","Derm","AKCenter","09","E","Skin12",58893.3,267
"123","DSP-1001660006525-B-E10","Derm","AKCenter","10","E","Skin12",95674.95,358
"124","DSP-1001660006525-B-E11","Epi","AKCenter","11","E","Skin12",47259.5,301
"125","DSP-1001660006525-B-E12","Epi","AKCenter","12","E","Skin12",27496.78,303
"126","DSP-1001660006525-B-F01","Epi","AKCenter","01","F","Skin12",51683.27,322
"127","DSP-1001660006525-B-F02","Derm","AKEdge","02","F","Skin12",53597.23,191
"128","DSP-1001660006525-B-F03","Derm","AKEdge","03","F","Skin12",81911.56,203
"129","DSP-1001660006525-B-F04","Derm","AKEdge","04","F","Skin12",60237.1,223
"130","DSP-1001660006525-B-F05","Epi","AKEdge","05","F","Skin12",29855.43,254
"131","DSP-1001660006525-B-F06","Epi","AKEdge","06","F","Skin12",37746.37,231
"132","DSP-1001660006525-B-F07","Epi","AKEdge","07","F","Skin12",24977.87,228
"133","DSP-1001660006525-B-F08","Derm","SunDamaged","08","F","Skin12",43837.49,318
"134","DSP-1001660006525-B-F09","Derm","SunDamaged","09","F","Skin12",37351.8,308
"135","DSP-1001660006525-B-F10","Derm","SunDamaged","10","F","Skin12",47522.71,326
"136","DSP-1001660006525-B-F11","Epi","SunDamaged","11","F","Skin12",38022.83,300
"137","DSP-1001660006525-B-F12","Epi","SunDamaged","12","F","Skin12",42910.6,291
"138","DSP-1001660006525-B-G01","Epi","SunDamaged","01","G","Skin12",48694.93,313
"139","DSP-1001660006525-B-G02","Derm","SunProtected","02","G","Skin12",99745,279
"140","DSP-1001660006525-B-G03","Derm","SunProtected","03","G","Skin12",109990.29,215
"141","DSP-1001660006525-B-G04","Derm","SunProtected","04","G","Skin12",156696.57,216
"142","DSP-1001660006525-B-G05","Epi","SunProtected","05","G","Skin12",31838.66,335
"143","DSP-1001660006525-B-G06","Epi","SunProtected","06","G","Skin12",28654.15,300
"144","DSP-1001660006525-B-G07","Epi","SunProtected","07","G","Skin12",40218.35,328
"145","DSP-1001660006526-A-A02","cSCC","cSCC_Stroma","02","A","Skin11",59635.03,282
"146","DSP-1001660006526-A-A03","cSCC","cSCC_Stroma","03","A","Skin11",55565.62,237
"147","DSP-1001660006526-A-A04","cSCC","cSCC_Stroma","04","A","Skin11",30595.88,244
"148","DSP-1001660006526-A-A05","cSCC","cSCC","05","A","Skin11",31508.89,158
"149","DSP-1001660006526-A-A06","cSCC","cSCC","06","A","Skin11",33344.8,173
"150","DSP-1001660006526-A-A07","cSCC","cSCC","07","A","Skin11",72319.9,308
"151","DSP-1001660006526-A-A08","cSCC","cSCC","08","A","Skin11",20254.51,125
"152","DSP-1001660006526-A-A09","cSCC","cSCC","09","A","Skin11",33477.76,159
"153","DSP-1001660006526-A-A10","cSCC","cSCC","10","A","Skin11",35464.66,172
"154","DSP-1001660006526-A-A11","Derm","AKCenter","11","A","Skin11",100722.97,205
"155","DSP-1001660006526-A-A12","Derm","AKCenter","12","A","Skin11",77144.94,229
"156","DSP-1001660006526-A-B01","Derm","AKCenter","01","B","Skin11",81473.41,199
"157","DSP-1001660006526-A-B02","Epi","AKCenter","02","B","Skin11",25768.61,162
"158","DSP-1001660006526-A-B03","Epi","AKCenter","03","B","Skin11",28065.65,167
"159","DSP-1001660006526-A-B04","Epi","AKCenter","04","B","Skin11",19955.39,131
"160","DSP-1001660006526-A-B05","Derm","AKEdge","05","B","Skin11",28673.15,266
"161","DSP-1001660006526-A-B06","Derm","AKEdge","06","B","Skin11",47327.5,299
"162","DSP-1001660006526-A-B07","Derm","AKEdge","07","B","Skin11",51471.14,270
"163","DSP-1001660006526-A-B08","Epi","AKEdge","08","B","Skin11",25181.38,184
"164","DSP-1001660006526-A-B09","Epi","AKEdge","09","B","Skin11",27107.63,187
"165","DSP-1001660006526-A-B10","Epi","AKEdge","10","B","Skin11",19372.95,151
"166","DSP-1001660006526-A-B11","Derm","AKCenter","11","B","Skin11",103780.9,245
"167","DSP-1001660006526-A-B12","Derm","AKCenter","12","B","Skin11",136806.63,252
"168","DSP-1001660006526-A-C01","Derm","AKCenter","01","C","Skin11",66870.6,230
"169","DSP-1001660006526-A-C02","Epi","AKCenter","02","C","Skin11",39960.73,182
"170","DSP-1001660006526-A-C03","Epi","AKCenter","03","C","Skin11",52830.59,213
"171","DSP-1001660006526-A-C04","Epi","AKCenter","04","C","Skin11",71437.54,279
"172","DSP-1001660006526-A-C05","Derm","AKEdge","05","C","Skin11",58701.28,179
"173","DSP-1001660006526-A-C06","Derm","AKEdge","06","C","Skin11",33958.68,249
"174","DSP-1001660006526-A-C07","Derm","AKEdge","07","C","Skin11",36373.36,217
"175","DSP-1001660006526-A-C08","Epi","AKEdge","08","C","Skin11",26374.35,145
"176","DSP-1001660006526-A-C09","Epi","AKEdge","09","C","Skin11",28500.12,133
"177","DSP-1001660006526-A-C10","Epi","AKEdge","10","C","Skin11",22451.94,113
"178","DSP-1001660006526-A-C11","Derm","SunDamaged","11","C","Skin11",107357.26,362
"179","DSP-1001660006526-A-C12","Derm","SunDamaged","12","C","Skin11",115367.29,237
"180","DSP-1001660006526-A-D01","Derm","SunDamaged","01","D","Skin11",41205.26,321
"181","DSP-1001660006526-A-D02","Epi","SunDamaged","02","D","Skin11",30585.67,228
"182","DSP-1001660006526-A-D03","Epi","SunDamaged","03","D","Skin11",30868.35,247
"183","DSP-1001660006526-A-D04","Epi","SunDamaged","04","D","Skin11",25978.51,221
"184","DSP-1001660006526-A-D05","Derm","SunProtected","05","D","Skin11",172557.64,205
"185","DSP-1001660006526-A-D06","Derm","SunProtected","06","D","Skin11",318734.22,210
"186","DSP-1001660006526-A-D07","Derm","SunProtected","07","D","Skin11",133573.44,210
"187","DSP-1001660006526-A-D08","Epi","SunProtected","08","D","Skin11",30554.7,232
"188","DSP-1001660006526-A-D09","Epi","SunProtected","09","D","Skin11",29644.73,233
"189","DSP-1001660006526-A-D10","Epi","SunProtected","10","D","Skin11",41599.67,305
"190","DSP-1001660006526-A-D11","Derm","AKCenter","11","D","Skin11",49303.07,222
"191","DSP-1001660006526-A-D12","Derm","AKCenter","12","D","Skin11",37358.35,229
"192","DSP-1001660006526-A-E01","Derm","AKCenter","01","E","Skin11",31773.05,291
"193","DSP-1001660006526-A-E02","Epi","AKCenter","02","E","Skin11",46772.51,237
"194","DSP-1001660006526-A-E03","Epi","AKCenter","03","E","Skin11",45379.7,152
"195","DSP-1001660006526-A-E04","Epi","AKCenter","04","E","Skin11",44017.22,225
"196","DSP-1001660006526-A-E05","Derm","AKEdge","05","E","Skin11",53017.98,142
"197","DSP-1001660006526-A-E06","Derm","AKEdge","06","E","Skin11",33972.73,236
"198","DSP-1001660006526-A-E07","Epi","AKEdge","07","E","Skin11",19059.14,129
"199","DSP-1001660006526-A-E08","Epi","AKEdge","08","E","Skin11",23900.46,144
"200","DSP-1001660006526-A-E09","Derm","SunDamaged","09","E","Skin11",104626.07,145
"201","DSP-1001660006526-A-E10","Derm","SunDamaged","10","E","Skin11",86370.6,133
"202","DSP-1001660006526-A-E11","Derm","SunDamaged","11","E","Skin11",73898.02,253
"203","DSP-1001660006526-A-E12","Epi","SunDamaged","12","E","Skin11",21221.14,179
"204","DSP-1001660006526-A-F01","Epi","SunDamaged","01","F","Skin11",21486.27,158
"205","DSP-1001660006526-A-F02","Epi","SunDamaged","02","F","Skin11",20190.98,184
"206","DSP-1001660006526-A-F03","Derm","SunProtected","03","F","Skin11",103947.38,124
"207","DSP-1001660006526-A-F04","Derm","SunProtected","04","F","Skin11",121520.65,176
"208","DSP-1001660006526-A-F05","Derm","SunProtected","05","F","Skin11",181197.35,187
"209","DSP-1001660006526-A-F06","Epi","SunProtected","06","F","Skin11",31790.77,319
"210","DSP-1001660006526-A-F07","Epi","SunProtected","07","F","Skin11",26765.41,286
"211","DSP-1001660006526-A-F08","Epi","SunProtected","08","F","Skin11",31522.14,309
"212","DSP-1001660006526-A-F09","cSCC","cSCC_Stroma","09","F","Skin11",22842.84,241
"213","DSP-1001660006526-A-F10","cSCC","cSCC_Stroma","10","F","Skin11",19650.84,224
"214","DSP-1001660006526-A-F11","cSCC","cSCC_Stroma","11","F","Skin11",18460.26,214
"215","DSP-1001660006526-A-F12","cSCC","cSCC","12","F","Skin11",133677.83,212
"216","DSP-1001660006526-A-G01","cSCC","cSCC","01","G","Skin11",98479.89,312
"217","DSP-1001660006526-A-G02","cSCC","cSCC","02","G","Skin11",126060.3,270
"218","DSP-1001660006526-A-G03","cSCC","cSCC","03","G","Skin11",101044.44,221
"219","DSP-1001660006526-A-G04","cSCC","cSCC","04","G","Skin11",116357.07,232
"220","DSP-1001660006526-A-G05","cSCC","cSCC","05","G","Skin11",95599.45,218
"221","DSP-1001660006526-A-G06","Derm","AKCenter","06","G","Skin11",49791.34,128
"222","DSP-1001660006526-A-G07","Derm","AKCenter","07","G","Skin11",76752.76,112
"223","DSP-1001660006526-A-G08","Derm","AKCenter","08","G","Skin11",89854.54,130
"224","DSP-1001660006526-A-G09","Epi","AKCenter","09","G","Skin11",17705.28,162
"225","DSP-1001660006526-A-G10","Epi","AKCenter","10","G","Skin11",16187.16,123
"226","DSP-1001660006526-A-G11","Epi","AKCenter","11","G","Skin11",21561.28,140
"227","DSP-1001660006526-A-G12","Derm","AKEdge","12","G","Skin11",48874.5,144
"228","DSP-1001660006526-A-H01","Derm","AKEdge","01","H","Skin11",77468.16,125
"229","DSP-1001660006526-A-H02","Derm","AKEdge","02","H","Skin11",68712.25,140
"230","DSP-1001660006526-A-H03","Epi","AKEdge","03","H","Skin11",18619.24,122
"231","DSP-1001660006526-A-H04","Epi","AKEdge","04","H","Skin11",17544.86,134
"232","DSP-1001660006526-A-H05","Epi","AKEdge","05","H","Skin11",17159.55,131
"233","DSP-1001660006527-D-A02","Derm","AKCenter","02","A","Skin10",52883.58,282
"234","DSP-1001660006527-D-A03","Derm","AKCenter","03","A","Skin10",60332.56,312
"235","DSP-1001660006527-D-A04","Derm","AKCenter","04","A","Skin10",50935.47,251
"236","DSP-1001660006527-D-A05","Derm","AKCenter","05","A","Skin10",50312.96,222
"237","DSP-1001660006527-D-A06","Derm","AKCenter","06","A","Skin10",63652.89,188
"238","DSP-1001660006527-D-A07","Derm","AKCenter","07","A","Skin10",39553.23,148
"239","DSP-1001660006527-D-A08","Epi","AKCenter","08","A","Skin10",21435.51,167
"240","DSP-1001660006527-D-A09","Epi","AKCenter","09","A","Skin10",54590.52,205
"241","DSP-1001660006527-D-A10","Epi","AKCenter","10","A","Skin10",23609.16,229
"242","DSP-1001660006527-D-A11","Epi","AKCenter","11","A","Skin10",52906.25,198
"243","DSP-1001660006527-D-A12","Epi","AKCenter","12","A","Skin10",19887.55,158
"244","DSP-1001660006527-D-B01","Epi","AKCenter","01","B","Skin10",39411.81,196
"245","DSP-1001660006527-D-B02","Derm","AKEdge","02","B","Skin10",109625.09,117
"246","DSP-1001660006527-D-B03","Derm","AKEdge","03","B","Skin10",90090.14,143
"247","DSP-1001660006527-D-B04","Derm","AKEdge","04","B","Skin10",59125.7,115
"248","DSP-1001660006527-D-B05","Derm","AKEdge","05","B","Skin10",68273.46,222
"249","DSP-1001660006527-D-B06","Derm","AKEdge","06","B","Skin10",41076.29,272
"250","DSP-1001660006527-D-B07","Epi","AKEdge","07","B","Skin10",14844.15,104
"251","DSP-1001660006527-D-B08","Epi","AKEdge","08","B","Skin10",20464.08,103
"252","DSP-1001660006527-D-B09","Epi","AKEdge","09","B","Skin10",17197.06,122
"253","DSP-1001660006527-D-B10","Epi","AKEdge","10","B","Skin10",22234.23,107
"254","DSP-1001660006527-D-B11","Epi","AKEdge","11","B","Skin10",23209.96,128
"255","DSP-1001660006527-D-B12","Derm","SunDamaged","12","B","Skin10",38852.36,285
"256","DSP-1001660006527-D-C01","Derm","SunDamaged","01","C","Skin10",64132.7,288
"257","DSP-1001660006527-D-C02","Derm","SunDamaged","02","C","Skin10",127490.3,246
"258","DSP-1001660006527-D-C03","Epi","SunDamaged","03","C","Skin10",27984.88,179
"259","DSP-1001660006527-D-C04","Epi","SunDamaged","04","C","Skin10",26844.1,221
"260","DSP-1001660006527-D-C05","Epi","SunDamaged","05","C","Skin10",33672.17,272
"261","DSP-1001660006527-D-C06","cSCC","cSCC_Stroma","06","C","Skin10",67797.17,227
"262","DSP-1001660006527-D-C07","cSCC","cSCC_Stroma","07","C","Skin10",49070.19,267
"263","DSP-1001660006527-D-C08","cSCC","cSCC_Stroma","08","C","Skin10",48864.45,214
"264","DSP-1001660006527-D-C09","cSCC","cSCC","09","C","Skin10",136216.84,322
"265","DSP-1001660006527-D-C10","cSCC","cSCC","10","C","Skin10",170172.01,321
"266","DSP-1001660006527-D-C11","cSCC","cSCC","11","C","Skin10",124229.18,195
"267","DSP-1001660006527-D-C12","cSCC","cSCC","12","C","Skin10",43990.56,243
"268","DSP-1001660006527-D-D01","cSCC","cSCC","01","D","Skin10",39735.67,158
"269","DSP-1001660006527-D-D02","cSCC","cSCC","02","D","Skin10",42609.56,219
"270","DSP-1001660006527-D-D03","cSCC","cSCC_Stroma","03","D","Skin10",54609.19,299
"271","DSP-1001660006527-D-D04","cSCC","cSCC_Stroma","04","D","Skin10",48586.23,298
"272","DSP-1001660006527-D-D05","cSCC","cSCC_Stroma","05","D","Skin10",50941.37,268
"273","DSP-1001660006527-D-D06","cSCC","cSCC","06","D","Skin10",121998.7,122
"274","DSP-1001660006527-D-D07","cSCC","cSCC","07","D","Skin10",102444.91,180
"275","DSP-1001660006527-D-D08","cSCC","cSCC","08","D","Skin10",152095.15,147
"276","DSP-1001660006527-D-D09","cSCC","cSCC","09","D","Skin10",92705.61,167
"277","DSP-1001660006527-D-D10","cSCC","cSCC","10","D","Skin10",84416.26,142
"278","DSP-1001660006527-D-D11","cSCC","cSCC","11","D","Skin10",116504.39,134
"279","DSP-1001660006527-D-D12","Derm","SunDamaged","12","D","Skin10",49214.17,280
"280","DSP-1001660006527-D-E01","Derm","SunDamaged","01","E","Skin10",63603.57,280
"281","DSP-1001660006527-D-E02","Derm","SunDamaged","02","E","Skin10",102098.07,239
"282","DSP-1001660006527-D-E03","Epi","SunDamaged","03","E","Skin10",26171.64,209
"283","DSP-1001660006527-D-E04","Epi","SunDamaged","04","E","Skin10",21742.45,144
"284","DSP-1001660006527-D-E05","Epi","SunDamaged","05","E","Skin10",15762.43,133
"285","DSP-1001660006527-D-E06","Derm","SunProtected","06","E","Skin10",77607.98,239
"286","DSP-1001660006527-D-E07","Derm","SunProtected","07","E","Skin10",77456.35,196
"287","DSP-1001660006527-D-E08","Derm","SunProtected","08","E","Skin10",74938.56,191
"288","DSP-1001660006527-D-E09","Epi","SunProtected","09","E","Skin10",19230.57,136
"289","DSP-1001660006527-D-E10","Epi","SunProtected","10","E","Skin10",22431.67,177
"290","DSP-1001660006527-D-E11","Epi","SunProtected","11","E","Skin10",25787.44,191
"291","DSP-1001660006527-D-E12","cSCC","cSCC_Stroma","12","E","Skin10",36935.2,158
"292","DSP-1001660006527-D-F01","cSCC","cSCC_Stroma","01","F","Skin10",61184.11,273
"293","DSP-1001660006527-D-F02","cSCC","cSCC_Stroma","02","F","Skin10",73349.9,277
"294","DSP-1001660006527-D-F03","cSCC","cSCC","03","F","Skin10",34355.17,101
"295","DSP-1001660006527-D-F04","cSCC","cSCC","04","F","Skin10",84982.1,133
"296","DSP-1001660006527-D-F05","cSCC","cSCC","05","F","Skin10",66359.19,195
"297","DSP-1001660006527-D-F06","Derm","SunProtected","06","F","Skin10",87124.78,156
"298","DSP-1001660006527-D-F07","Derm","SunProtected","07","F","Skin10",97353.79,154
"299","DSP-1001660006527-D-F08","Derm","SunProtected","08","F","Skin10",94979.82,236
"300","DSP-1001660006527-D-F09","Epi","SunProtected","09","F","Skin10",32830.03,268
"301","DSP-1001660006527-D-F10","Epi","SunProtected","10","F","Skin10",33773.69,298
"302","DSP-1001660006527-D-F11","Epi","SunProtected","11","F","Skin10",36749.89,268
"303","DSP-1001660006536-C-A02","cSCC","cSCC_Stroma","02","A","Skin9",45096.38,289
"304","DSP-1001660006536-C-A03","cSCC","cSCC_Stroma","03","A","Skin9",51100.99,357
"305","DSP-1001660006536-C-A04","cSCC","cSCC_Stroma","04","A","Skin9",47883.12,332
"306","DSP-1001660006536-C-A05","cSCC","cSCC","05","A","Skin9",106867.24,259
"307","DSP-1001660006536-C-A06","cSCC","cSCC","06","A","Skin9",175074.31,335
"308","DSP-1001660006536-C-A07","cSCC","cSCC","07","A","Skin9",153660.99,290
"309","DSP-1001660006536-C-A08","Derm","AKCenter","08","A","Skin9",49466.04,268
"310","DSP-1001660006536-C-A09","Derm","AKCenter","09","A","Skin9",59342.46,232
"311","DSP-1001660006536-C-A10","Derm","AKCenter","10","A","Skin9",63419.37,288
"312","DSP-1001660006536-C-A11","Epi","AKCenter","11","A","Skin9",24604.37,199
"313","DSP-1001660006536-C-A12","Epi","AKCenter","12","A","Skin9",28947.37,242
"314","DSP-1001660006536-C-B01","Epi","AKCenter","01","B","Skin9",27540.83,264
"315","DSP-1001660006536-C-B02","Derm","AKEdge","02","B","Skin9",60341.97,310
"316","DSP-1001660006536-C-B03","Derm","AKEdge","03","B","Skin9",42118.74,314
"317","DSP-1001660006536-C-B04","Derm","AKEdge","04","B","Skin9",80993.92,245
"318","DSP-1001660006536-C-B05","Epi","AKEdge","05","B","Skin9",28152.8,265
"319","DSP-1001660006536-C-B06","Epi","AKEdge","06","B","Skin9",28581.21,223
"320","DSP-1001660006536-C-B07","Epi","AKEdge","07","B","Skin9",23127.12,241
"321","DSP-1001660006536-C-B08","cSCC","cSCC_Stroma","08","B","Skin9",46812.42,251
"322","DSP-1001660006536-C-B09","cSCC","cSCC_Stroma","09","B","Skin9",38069.44,229
"323","DSP-1001660006536-C-B10","cSCC","cSCC_Stroma","10","B","Skin9",40197.76,280
"324","DSP-1001660006536-C-B11","cSCC","cSCC","11","B","Skin9",158540.77,265
"325","DSP-1001660006536-C-B12","cSCC","cSCC","12","B","Skin9",123890.48,204
"326","DSP-1001660006536-C-C01","cSCC","cSCC","01","C","Skin9",120197.75,259
"327","DSP-1001660006536-C-C02","cSCC","cSCC","02","C","Skin9",37194.58,253
"328","DSP-1001660006536-C-C03","cSCC","cSCC","03","C","Skin9",36081.26,285
"329","DSP-1001660006536-C-C04","cSCC","cSCC","04","C","Skin9",26269.01,141
"330","DSP-1001660006536-C-C05","cSCC","cSCC_Stroma","05","C","Skin9",51031.56,298
"331","DSP-1001660006536-C-C06","cSCC","cSCC_Stroma","06","C","Skin9",33820.13,210
"332","DSP-1001660006536-C-C07","cSCC","cSCC_Stroma","07","C","Skin9",52137.38,318
"333","DSP-1001660006536-C-C08","cSCC","cSCC","08","C","Skin9",39025.06,579
"334","DSP-1001660006536-C-C09","cSCC","cSCC","09","C","Skin9",37353.88,491
"335","DSP-1001660006536-C-C10","cSCC","cSCC","10","C","Skin9",35854.12,398
"336","DSP-1001660006536-C-C11","cSCC","cSCC","11","C","Skin9",36694.66,256
"337","DSP-1001660006536-C-C12","cSCC","cSCC","12","C","Skin9",48799,236
"338","DSP-1001660006536-C-D01","cSCC","cSCC","01","D","Skin9",25261.67,188
"339","DSP-1001660006536-C-D02","Derm","AKCenter","02","D","Skin9",48830.93,248
"340","DSP-1001660006536-C-D03","Derm","AKCenter","03","D","Skin9",64602.93,263
"341","DSP-1001660006536-C-D04","Derm","AKCenter","04","D","Skin9",65251.93,222
"342","DSP-1001660006536-C-D05","Epi","AKCenter","05","D","Skin9",31066.11,293
"343","DSP-1001660006536-C-D06","Epi","AKCenter","06","D","Skin9",32740.65,298
"344","DSP-1001660006536-C-D07","Epi","AKCenter","07","D","Skin9",30962.52,274
"345","DSP-1001660006536-C-D08","Derm","AKEdge","08","D","Skin9",31395.88,292
"346","DSP-1001660006536-C-D09","Derm","AKEdge","09","D","Skin9",44821.53,291
"347","DSP-1001660006536-C-D10","Derm","AKEdge","10","D","Skin9",34665.94,272
"348","DSP-1001660006536-C-D11","Epi","AKEdge","11","D","Skin9",48475.3,303
"349","DSP-1001660006536-C-D12","Epi","AKEdge","12","D","Skin9",38642.62,260
"350","DSP-1001660006536-C-E01","Epi","AKEdge","01","E","Skin9",42017.71,291
"351","DSP-1001660006536-C-E02","Derm","SunDamaged","02","E","Skin9",43185.94,320
"352","DSP-1001660006536-C-E03","Derm","SunDamaged","03","E","Skin9",36341.27,290
"353","DSP-1001660006536-C-E04","Derm","SunDamaged","04","E","Skin9",37517.33,313
"354","DSP-1001660006536-C-E05","Epi","SunDamaged","05","E","Skin9",31527.72,234
"355","DSP-1001660006536-C-E06","Epi","SunDamaged","06","E","Skin9",30442.33,238
"356","DSP-1001660006536-C-E07","Epi","SunDamaged","07","E","Skin9",34122.13,256
"357","DSP-1001660006536-C-E08","Derm","SunProtected","08","E","Skin9",60699.03,275
"358","DSP-1001660006536-C-E09","Derm","SunProtected","09","E","Skin9",55224.68,277
"359","DSP-1001660006536-C-E10","Derm","SunProtected","10","E","Skin9",64726.31,264
"360","DSP-1001660006536-C-E11","Epi","SunProtected","11","E","Skin9",31543.69,312
"361","DSP-1001660006536-C-E12","Epi","SunProtected","12","E","Skin9",25560.15,232
"362","DSP-1001660006536-C-F01","Epi","SunProtected","01","F","Skin9",28628.77,313
"363","DSP-1001660006536-C-F02","Derm","AKCenter","02","F","Skin9",82994.39,306
"364","DSP-1001660006536-C-F03","Derm","AKCenter","03","F","Skin9",57853.56,203
"365","DSP-1001660006536-C-F04","Derm","AKCenter","04","F","Skin9",67958.54,286
"366","DSP-1001660006536-C-F05","Epi","AKCenter","05","F","Skin9",34852.37,296
"367","DSP-1001660006536-C-F06","Epi","AKCenter","06","F","Skin9",41183.55,247
"368","DSP-1001660006536-C-F07","Epi","AKCenter","07","F","Skin9",49469.39,268
"369","DSP-1001660006536-C-F08","Derm","AKEdge","08","F","Skin9",79131.04,320
"370","DSP-1001660006536-C-F09","Derm","AKEdge","09","F","Skin9",80523.22,298
"371","DSP-1001660006536-C-F10","Derm","AKEdge","10","F","Skin9",85778.74,295
"372","DSP-1001660006536-C-F11","Epi","AKEdge","11","F","Skin9",57275.74,293
"373","DSP-1001660006536-C-F12","Epi","AKEdge","12","F","Skin9",50854.7,307
"374","DSP-1001660006536-C-G01","Epi","AKEdge","01","G","Skin9",37583.25,362
"375","DSP-1001660006536-C-G02","Derm","SunDamaged","02","G","Skin9",40193.61,349
"376","DSP-1001660006536-C-G03","Derm","SunDamaged","03","G","Skin9",35680.14,341
"377","DSP-1001660006536-C-G04","Derm","SunDamaged","04","G","Skin9",37995.54,313
"378","DSP-1001660006536-C-G05","Epi","SunDamaged","05","G","Skin9",35623,284
"379","DSP-1001660006536-C-G06","Epi","SunDamaged","06","G","Skin9",37363.61,246
"380","DSP-1001660006536-C-G07","Epi","SunDamaged","07","G","Skin9",42594.88,388
"381","DSP-1001660006536-C-G08","Derm","SunProtected","08","G","Skin9",83965.98,237
"382","DSP-1001660006536-C-G09","Derm","SunProtected","09","G","Skin9",167442.57,204
"383","DSP-1001660006536-C-G10","Derm","SunProtected","10","G","Skin9",161656.8,233
"384","DSP-1001660006536-C-G11","Epi","SunProtected","11","G","Skin9",32941.92,263
"385","DSP-1001660006536-C-G12","Epi","SunProtected","12","G","Skin9",29318.64,267
"386","DSP-1001660006536-C-H01","Epi","SunProtected","01","H","Skin9",36592.35,326
"387","DSP-1001660006537-B-A02","cSCC","cSCC_Stroma","02","A","Skin8",41822.97,289
"388","DSP-1001660006537-B-A03","cSCC","cSCC_Stroma","03","A","Skin8",42859.84,295
"389","DSP-1001660006537-B-A04","cSCC","cSCC_Stroma","04","A","Skin8",35836.89,289
"390","DSP-1001660006537-B-A05","cSCC","cSCC","05","A","Skin8",176516.12,205
"391","DSP-1001660006537-B-A06","cSCC","cSCC","06","A","Skin8",117036.71,222
"392","DSP-1001660006537-B-A07","cSCC","cSCC","07","A","Skin8",134489.64,281
"393","DSP-1001660006537-B-A08","cSCC","cSCC","08","A","Skin8",22539.73,177
"394","DSP-1001660006537-B-A09","cSCC","cSCC","09","A","Skin8",37136.8,273
"395","DSP-1001660006537-B-A10","cSCC","cSCC","10","A","Skin8",55989.24,195
"396","DSP-1001660006537-B-A11","Derm","AKCenter","11","A","Skin8",34198.1,312
"397","DSP-1001660006537-B-A12","Derm","AKCenter","12","A","Skin8",37322.59,331
"398","DSP-1001660006537-B-B01","Derm","AKCenter","01","B","Skin8",40362.64,338
"399","DSP-1001660006537-B-B02","Epi","AKCenter","02","B","Skin8",41949.39,219
"400","DSP-1001660006537-B-B03","Epi","AKCenter","03","B","Skin8",51809.37,239
"401","DSP-1001660006537-B-B04","Epi","AKCenter","04","B","Skin8",46977.78,274
"402","DSP-1001660006537-B-B05","Derm","AKEdge","05","B","Skin8",55847.02,183
"403","DSP-1001660006537-B-B06","Derm","AKEdge","06","B","Skin8",84560.23,169
"404","DSP-1001660006537-B-B07","Derm","AKEdge","07","B","Skin8",70210.41,141
"405","DSP-1001660006537-B-B08","Epi","AKEdge","08","B","Skin8",23984.42,327
"406","DSP-1001660006537-B-B09","Epi","AKEdge","09","B","Skin8",21054.34,292
"407","DSP-1001660006537-B-B10","Epi","AKEdge","10","B","Skin8",22484.82,280
"408","DSP-1001660006537-B-B11","Derm","AKCenter","11","B","Skin8",38567.6,246
"409","DSP-1001660006537-B-B12","Derm","AKCenter","12","B","Skin8",64033.1,243
"410","DSP-1001660006537-B-C01","Derm","AKCenter","01","C","Skin8",46763.26,286
"411","DSP-1001660006537-B-C02","Epi","AKCenter","02","C","Skin8",41805.26,241
"412","DSP-1001660006537-B-C03","Epi","AKCenter","03","C","Skin8",39854.43,266
"413","DSP-1001660006537-B-C04","Epi","AKCenter","04","C","Skin8",44756.08,229
"414","DSP-1001660006537-B-C05","Derm","AKEdge","05","C","Skin8",49825.34,252
"415","DSP-1001660006537-B-C06","Derm","AKEdge","06","C","Skin8",40766.47,280
"416","DSP-1001660006537-B-C07","Epi","AKEdge","07","C","Skin8",34403.05,210
"417","DSP-1001660006537-B-C08","Epi","AKEdge","08","C","Skin8",30095.17,225
"418","DSP-1001660006537-B-C09","Epi","AKEdge","09","C","Skin8",32442.33,221
"419","DSP-1001660006537-B-C10","Derm","AKEdge","10","C","Skin8",34306.01,292
"420","DSP-1001660006537-B-C11","Derm","SunDamaged","11","C","Skin8",103061.35,184
"421","DSP-1001660006537-B-C12","Derm","SunDamaged","12","C","Skin8",65489.28,349
"422","DSP-1001660006537-B-D01","Derm","SunDamaged","01","D","Skin8",46931.17,293
"423","DSP-1001660006537-B-D02","Epi","SunDamaged","02","D","Skin8",23210.28,218
"424","DSP-1001660006537-B-D03","Epi","SunDamaged","03","D","Skin8",19444.93,162
"425","DSP-1001660006537-B-D04","Epi","SunDamaged","04","D","Skin8",19930.65,121
"426","DSP-1001660006537-B-D05","Derm","SunProtected","05","D","Skin8",71817.42,225
"427","DSP-1001660006537-B-D06","Derm","SunProtected","06","D","Skin8",61786.66,218
"428","DSP-1001660006537-B-D07","Derm","SunProtected","07","D","Skin8",45189.92,128
"429","DSP-1001660006537-B-D08","Epi","SunProtected","08","D","Skin8",25236.29,237
"430","DSP-1001660006537-B-D09","Epi","SunProtected","09","D","Skin8",24460.87,242
"431","DSP-1001660006537-B-D10","Epi","SunProtected","10","D","Skin8",30551.19,290
"432","DSP-1001660006537-B-D11","Derm","AKCenter","11","D","Skin8",50583.51,387
"433","DSP-1001660006537-B-D12","Derm","AKCenter","12","D","Skin8",33727.72,281
"434","DSP-1001660006537-B-E01","Derm","AKCenter","01","E","Skin8",36862.42,308
"435","DSP-1001660006537-B-E02","Epi","AKCenter","02","E","Skin8",77413.57,282
"436","DSP-1001660006537-B-E03","Epi","AKCenter","03","E","Skin8",105868.2,163
"437","DSP-1001660006537-B-E04","Epi","AKCenter","04","E","Skin8",116820.43,313
"438","DSP-1001660006537-B-E05","Derm","AKEdge","05","E","Skin8",62217.78,356
"439","DSP-1001660006537-B-E06","Derm","AKEdge","06","E","Skin8",47864.61,358
"440","DSP-1001660006537-B-E07","Derm","AKEdge","07","E","Skin8",37820.76,325
"441","DSP-1001660006537-B-E08","Epi","AKEdge","08","E","Skin8",49538.82,217
"442","DSP-1001660006537-B-E09","Epi","AKEdge","09","E","Skin8",37941.74,289
"443","DSP-1001660006537-B-E10","Epi","AKEdge","10","E","Skin8",41646.92,381
"444","DSP-1001660006537-B-E11","Derm","SunDamaged","11","E","Skin8",67466.29,389
"445","DSP-1001660006537-B-E12","Derm","SunDamaged","12","E","Skin8",48784.32,354
"446","DSP-1001660006537-B-F01","Derm","SunDamaged","01","F","Skin8",208582.71,291
"447","DSP-1001660006537-B-F02","Epi","SunDamaged","02","F","Skin8",26786.96,247
"448","DSP-1001660006537-B-F03","Epi","SunDamaged","03","F","Skin8",31822.38,284
"449","DSP-1001660006537-B-F04","Epi","SunDamaged","04","F","Skin8",42478.2,334
"450","DSP-1001660006537-B-F05","Derm","SunProtected","05","F","Skin8",131141.05,225
"451","DSP-1001660006537-B-F06","Derm","SunProtected","06","F","Skin8",149438.5,225
"452","DSP-1001660006537-B-F07","Derm","SunProtected","07","F","Skin8",134852.28,176
"453","DSP-1001660006537-B-F08","Epi","SunProtected","08","F","Skin8",28225.1,270
"454","DSP-1001660006537-B-F09","Epi","SunProtected","09","F","Skin8",29067.88,267
"455","DSP-1001660006537-B-F10","Epi","SunProtected","10","F","Skin8",32254.62,285
"456","DSP-1001660006537-B-F11","Derm","AKCenter","11","F","Skin8",29193.98,267
"457","DSP-1001660006537-B-F12","Derm","AKCenter","12","F","Skin8",26984.89,271
"458","DSP-1001660006537-B-G01","Derm","AKCenter","01","G","Skin8",26232.61,279
"459","DSP-1001660006537-B-G02","Epi","AKCenter","02","G","Skin8",45946.5,194
"460","DSP-1001660006537-B-G03","Epi","AKCenter","03","G","Skin8",69050.64,243
"461","DSP-1001660006537-B-G04","Epi","AKCenter","04","G","Skin8",49459.65,240
"462","DSP-1001660006537-B-G05","Derm","AKEdge","05","G","Skin8",27250.49,132
"463","DSP-1001660006537-B-G06","Derm","AKEdge","06","G","Skin8",80943.01,173
"464","DSP-1001660006537-B-G07","Derm","AKEdge","07","G","Skin8",27274.75,299
"465","DSP-1001660006537-B-G08","Epi","AKEdge","08","G","Skin8",15807.92,103
"466","DSP-1001660006537-B-G09","Epi","AKEdge","09","G","Skin8",16668.41,121
"467","DSP-1001660006537-B-G10","Epi","AKEdge","10","G","Skin8",9635.87,62
"468","DSP-1001660006537-B-G11","Derm","SunDamaged","11","G","Skin8",166257.26,165
"469","DSP-1001660006537-B-G12","Derm","SunDamaged","12","G","Skin8",126615.13,293
"470","DSP-1001660006537-B-H01","Derm","SunDamaged","01","H","Skin8",97062.65,371
"471","DSP-1001660006537-B-H02","Epi","SunDamaged","02","H","Skin8",32336.34,258
"472","DSP-1001660006537-B-H03","Epi","SunDamaged","03","H","Skin8",31997.95,291
"473","DSP-1001660006537-B-H04","Epi","SunDamaged","04","H","Skin8",30298.68,238
"474","DSP-1001660006537-B-H05","Derm","SunProtected","05","H","Skin8",102660.56,346
"475","DSP-1001660006537-B-H06","Derm","SunProtected","06","H","Skin8",107321.67,357
"476","DSP-1001660006537-B-H07","Derm","SunProtected","07","H","Skin8",148736.51,294
"477","DSP-1001660006537-B-H08","Epi","SunProtected","08","H","Skin8",43910.75,348
"478","DSP-1001660006537-B-H09","Epi","SunProtected","09","H","Skin8",41424.09,354
"479","DSP-1001660006537-B-H10","Epi","SunProtected","10","H","Skin8",50337.38,371
"480","DSP-1001660006538-C-B07","Epi","AKEdge","07","B","Skin5",13281.67,102
"481","DSP-1001660006538-C-B08","cSCC","cSCC_Stroma","08","B","Skin5",39499.28,242
"482","DSP-1001660006538-C-B09","cSCC","cSCC_Stroma","09","B","Skin5",47266.21,269
"483","DSP-1001660006538-C-B10","cSCC","cSCC_Stroma","10","B","Skin5",39095.13,232
"484","DSP-1001660006538-C-B11","cSCC","cSCC","11","B","Skin5",87998.2,367
"485","DSP-1001660006538-C-B12","cSCC","cSCC","12","B","Skin5",87998.2,351
"486","DSP-1001660006538-C-C05","Epi","AKCenter","05","C","Skin5",24183.94,202
"487","DSP-1001660006538-C-D01","Derm","AKCenter","01","D","Skin5",46389.76,276
"488","DSP-1001660006538-C-D02","Derm","AKCenter","02","D","Skin5",63523.76,274
"489","DSP-1001660006538-C-D03","Derm","AKCenter","03","D","Skin5",61066.31,530
"490","DSP-1001660006538-C-D04","Epi","AKCenter","04","D","Skin5",32206.57,183
"491","DSP-1001660006538-C-D05","Epi","AKCenter","05","D","Skin5",30795.88,154
"492","DSP-1001660006538-C-D06","Epi","AKCenter","06","D","Skin5",26259.75,172
"493","DSP-1001660006538-C-D07","Derm","AKEdge","07","D","Skin5",59186.67,184
"494","DSP-1001660006538-C-D08","Derm","AKEdge","08","D","Skin5",47175.71,274
"495","DSP-1001660006538-C-D09","Derm","AKEdge","09","D","Skin5",49259.34,293
"496","DSP-1001660006538-C-D10","Epi","AKEdge","10","D","Skin5",22997.03,192
"497","DSP-1001660006538-C-D11","Epi","AKEdge","11","D","Skin5",18907.03,135
"498","DSP-1001660006538-C-D12","Epi","AKEdge","12","D","Skin5",24901.89,140
"499","DSP-1001660006538-C-E01","Derm","SunDamaged","01","E","Skin5",26670.12,159
"500","DSP-1001660006538-C-E02","Derm","SunDamaged","02","E","Skin5",29465,215
"501","DSP-1001660006538-C-E03","Derm","SunDamaged","03","E","Skin5",30431.8,265
"502","DSP-1001660006538-C-E04","Epi","SunDamaged","04","E","Skin5",12822.13,114
"503","DSP-1001660006538-C-E05","Epi","SunDamaged","05","E","Skin5",18708.46,139
"504","DSP-1001660006538-C-E06","Epi","SunDamaged","06","E","Skin5",13553.98,119
"505","DSP-1001660006538-C-E07","Derm","AKCenter","07","E","Skin5",43020.42,188
"506","DSP-1001660006538-C-E08","Derm","AKCenter","08","E","Skin5",28532.69,203
"507","DSP-1001660006538-C-E09","Derm","AKCenter","09","E","Skin5",25127.11,203
"508","DSP-1001660006538-C-E10","Epi","AKCenter","10","E","Skin5",40275.02,206
"509","DSP-1001660006538-C-E11","Epi","AKCenter","11","E","Skin5",27102.68,200
"510","DSP-1001660006538-C-E12","Epi","AKCenter","12","E","Skin5",33814.71,201
"511","DSP-1001660006538-C-F01","Derm","AKEdge","01","F","Skin5",86768.2,106
"512","DSP-1001660006538-C-F02","Derm","AKEdge","02","F","Skin5",58457.86,117
"513","DSP-1001660006538-C-F03","Derm","AKEdge","03","F","Skin5",71907.13,111
"514","DSP-1001660006538-C-F04","Epi","AKEdge","04","F","Skin5",16465.06,104
"515","DSP-1001660006538-C-F05","Epi","AKEdge","05","F","Skin5",17417.17,115
"516","DSP-1001660006538-C-F06","Epi","AKEdge","06","F","Skin5",18707.35,141
"517","DSP-1001660006538-C-F07","Derm","SunDamaged","07","F","Skin5",196010.53,201
"518","DSP-1001660006538-C-F08","Derm","SunDamaged","08","F","Skin5",84704.84,265
"519","DSP-1001660006538-C-F09","Derm","SunDamaged","09","F","Skin5",81509.64,260
"520","DSP-1001660006538-C-F10","Epi","SunDamaged","10","F","Skin5",32812.8,213
"521","DSP-1001660006538-C-F11","Epi","SunDamaged","11","F","Skin5",40395.69,263
"522","DSP-1001660006538-C-F12","Epi","SunDamaged","12","F","Skin5",37722.11,264
"523","DSP-1001660006538-C-G01","Derm","SunProtected","01","G","Skin5",78636.71,233
"524","DSP-1001660006538-C-G02","Derm","SunProtected","02","G","Skin5",83387.53,195
"525","DSP-1001660006538-C-G03","Derm","SunProtected","03","G","Skin5",54629.79,186
"526","DSP-1001660006538-C-G04","Epi","SunProtected","04","G","Skin5",25484.81,191
"527","DSP-1001660006538-C-G05","Epi","SunProtected","05","G","Skin5",24215.06,186
"528","DSP-1001660006538-C-G06","Epi","SunProtected","06","G","Skin5",17648.45,156
"529","DSP-1001660012892-D-A02","cSCC","cSCC_Stroma","02","A","Skin6",36064.34,208
"530","DSP-1001660012892-D-A03","cSCC","cSCC_Stroma","03","A","Skin6",11454.54,109
"531","DSP-1001660012892-D-A04","cSCC","cSCC_Stroma","04","A","Skin6",38510.78,308
"532","DSP-1001660012892-D-A05","cSCC","cSCC_Stroma","05","A","Skin6",34733.14,343
"533","DSP-1001660012892-D-A06","cSCC","cSCC","06","A","Skin6",73079.03,161
"534","DSP-1001660012892-D-A07","cSCC","cSCC","07","A","Skin6",88052.47,169
"535","DSP-1001660012892-D-A08","cSCC","cSCC","08","A","Skin6",95847.49,241
"536","DSP-1001660012892-D-A09","cSCC","cSCC","09","A","Skin6",66927.42,164
"537","DSP-1001660012892-D-A10","cSCC","cSCC","10","A","Skin6",38689.87,146
"538","DSP-1001660012892-D-A11","cSCC","cSCC","11","A","Skin6",45244.51,128
"539","DSP-1001660012892-D-A12","cSCC","cSCC_Stroma","12","A","Skin6",57030.25,287
"540","DSP-1001660012892-D-B01","cSCC","cSCC_Stroma","01","B","Skin6",27968.12,183
"541","DSP-1001660012892-D-B02","cSCC","cSCC","02","B","Skin6",32679.2,148
"542","DSP-1001660012892-D-B03","cSCC","cSCC","03","B","Skin6",139922.02,217
"543","DSP-1001660012892-D-B04","cSCC","cSCC","04","B","Skin6",69504.74,142
"544","DSP-1001660012892-D-B05","cSCC","cSCC","05","B","Skin6",16080.7,180
"545","DSP-1001660012892-D-B06","cSCC","cSCC","06","B","Skin6",31606.73,222
"546","DSP-1001660012892-D-B07","cSCC","cSCC","07","B","Skin6",29540.02,171
"547","DSP-1001660012892-D-B08","cSCC","cSCC_Stroma","08","B","Skin6",31261.48,307
"548","DSP-1001660012892-D-B09","cSCC","cSCC_Stroma","09","B","Skin6",27213.94,222
"549","DSP-1001660012892-D-B10","cSCC","cSCC_Stroma","10","B","Skin6",33664.51,289
"550","DSP-1001660012892-D-B11","cSCC","cSCC","11","B","Skin6",74498.5,149
"551","DSP-1001660012892-D-B12","cSCC","cSCC","12","B","Skin6",75353.72,144
"552","DSP-1001660012892-D-C01","cSCC","cSCC","01","C","Skin6",51570.42,157
"553","DSP-1001660012892-D-C02","cSCC","cSCC","02","C","Skin6",35010.55,237
"554","DSP-1001660012892-D-C03","cSCC","cSCC","03","C","Skin6",30773.86,209
"555","DSP-1001660012892-D-C04","cSCC","cSCC","04","C","Skin6",63910.51,290
"556","DSP-1001660012892-D-C05","Derm","SunProtected","05","C","Skin6",132535.61,221
"557","DSP-1001660012892-D-C06","Derm","SunProtected","06","C","Skin6",130992.44,253
"558","DSP-1001660012892-D-C07","Derm","SunProtected","07","C","Skin6",133332.58,245
"559","DSP-1001660012892-D-C08","Epi","SunProtected","08","C","Skin6",29003.87,249
"560","DSP-1001660012892-D-C09","Epi","SunProtected","09","C","Skin6",32173.37,258
"561","DSP-1001660012892-D-C10","Epi","SunProtected","10","C","Skin6",35760.59,275
"562","DSP-1001660012892-D-C11","Derm","AKCenter","11","C","Skin6",54654.69,173
"563","DSP-1001660012892-D-C12","Derm","AKCenter","12","C","Skin6",38084.92,238
"564","DSP-1001660012892-D-D01","Derm","AKCenter","01","D","Skin6",35619.97,149
"565","DSP-1001660012892-D-D02","Epi","AKCenter","02","D","Skin6",33719.89,160
"566","DSP-1001660012892-D-D03","Epi","AKCenter","03","D","Skin6",36787.88,161
"567","DSP-1001660012892-D-D04","Epi","AKCenter","04","D","Skin6",22225.13,147
"568","DSP-1001660012892-D-D05","Derm","AKEdge","05","D","Skin6",32263.87,254
"569","DSP-1001660012892-D-D06","Derm","AKEdge","06","D","Skin6",28320.56,171
"570","DSP-1001660012892-D-D07","Derm","AKEdge","07","D","Skin6",24334.3,185
"571","DSP-1001660012892-D-D08","Epi","AKEdge","08","D","Skin6",33638.97,234
"572","DSP-1001660012892-D-D09","Epi","AKEdge","09","D","Skin6",25153.61,201
"573","DSP-1001660012892-D-D10","Epi","AKEdge","10","D","Skin6",22445.4,180
"574","DSP-1001660012892-D-D11","Derm","SunDamaged","11","D","Skin6",137046.21,192
"575","DSP-1001660012892-D-D12","Derm","SunDamaged","12","D","Skin6",120735.18,257
"576","DSP-1001660012892-D-E01","Derm","SunDamaged","01","E","Skin6",34992.52,262
"577","DSP-1001660012892-D-E02","Epi","SunDamaged","02","E","Skin6",35852.21,275
"578","DSP-1001660012892-D-E03","Epi","SunDamaged","03","E","Skin6",33386.94,262
"579","DSP-1001660012892-D-E04","Epi","SunDamaged","04","E","Skin6",31218.55,255
"580","DSP-1001660012892-D-E05","Derm","SunProtected","05","E","Skin6",72201.62,255
"581","DSP-1001660012892-D-E06","Derm","SunProtected","06","E","Skin6",73307.44,255
"582","DSP-1001660012892-D-E07","Derm","SunProtected","07","E","Skin6",88232.36,186
"583","DSP-1001660012892-D-E08","Epi","SunProtected","08","E","Skin6",24169.26,202
"584","DSP-1001660012892-D-E09","Epi","SunProtected","09","E","Skin6",27339.39,205
"585","DSP-1001660012892-D-E10","Epi","SunProtected","10","E","Skin6",25919.61,213
"586","DSP-1001660012893-A-A02","Epi","AKEdge","02","A","Skin3",37038.64,231
"587","DSP-1001660012893-A-A03","Derm","AKCenter","03","A","Skin3",60324.42,376
"588","DSP-1001660012893-A-A05","Derm","AKCenter","05","A","Skin3",127579.21,238
"589","DSP-1001660012893-A-A06","Epi","AKCenter","06","A","Skin3",52955.57,265
"590","DSP-1001660012893-A-A07","Epi","AKCenter","07","A","Skin3",58373.74,344
"591","DSP-1001660012893-A-A08","Epi","AKCenter","08","A","Skin3",61022.1,396
"592","DSP-1001660012893-A-A09","Derm","AKEdge","09","A","Skin3",60361.61,240
"593","DSP-1001660012893-A-A10","Derm","AKEdge","10","A","Skin3",81035.58,217
"594","DSP-1001660012893-A-A11","Derm","AKEdge","11","A","Skin3",56853.88,293
"595","DSP-1001660012893-A-A12","Epi","AKEdge","12","A","Skin3",35687.8,256
"596","DSP-1001660012893-A-B01","Epi","AKEdge","01","B","Skin3",43349.54,276
"597","DSP-1001660012893-A-B03","Derm","SunDamaged","03","B","Skin3",166953.51,282
"598","DSP-1001660012893-A-B04","Derm","SunDamaged","04","B","Skin3",44079.15,352
"599","DSP-1001660012893-A-B05","Epi","SunDamaged","05","B","Skin3",38571.59,266
"600","DSP-1001660012893-A-B06","Epi","SunDamaged","06","B","Skin3",42276.28,297
"601","DSP-1001660012893-A-B07","Epi","SunDamaged","07","B","Skin3",36986.92,258
"602","DSP-1001660012893-A-B08","Derm","SunProtected","08","B","Skin3",209670.49,260
"603","DSP-1001660012893-A-B09","Derm","SunProtected","09","B","Skin3",137366.88,258
"604","DSP-1001660012893-A-B10","Derm","SunProtected","10","B","Skin3",90023.26,252
"605","DSP-1001660012893-A-B11","Epi","SunProtected","11","B","Skin3",38419,247
"606","DSP-1001660012893-A-B12","Epi","SunProtected","12","B","Skin3",41492.57,327
"607","DSP-1001660012893-A-C01","Epi","SunProtected","01","C","Skin3",41799.99,304
"608","DSP-1001660012893-A-C02","cSCC","cSCC","02","C","Skin3",51236.82,267
"609","DSP-1001660012893-A-C03","cSCC","cSCC","03","C","Skin3",128626.45,269
"610","DSP-1001660012893-A-C04","cSCC","cSCC_Stroma","04","C","Skin3",113904.24,310
"611","DSP-1001660012893-A-C05","cSCC","cSCC_Stroma","05","C","Skin3",35875.83,369
"612","DSP-1001660012893-A-C06","cSCC","cSCC","06","C","Skin3",99332.08,274
"613","DSP-1001660012893-A-C07","cSCC","cSCC","07","C","Skin3",82894.79,351
"614","DSP-1001660012893-A-C08","cSCC","cSCC","08","C","Skin3",53093.8,283
"615","DSP-1001660012893-A-C09","cSCC","cSCC","09","C","Skin3",38382.45,338
"616","DSP-1001660012893-A-C10","cSCC","cSCC","10","C","Skin3",33693.56,290
"617","DSP-1001660012893-A-C11","cSCC","cSCC_Stroma","11","C","Skin3",83895.11,372
"618","DSP-1001660012893-A-C12","cSCC","cSCC_Stroma","12","C","Skin3",106031.97,353
"619","DSP-1001660012893-A-D01","cSCC","cSCC_Stroma","01","D","Skin3",91538.01,369
"620","DSP-1001660012893-A-D02","cSCC","cSCC","02","D","Skin3",188036.11,297
"621","DSP-1001660012893-A-D03","cSCC","cSCC","03","D","Skin3",145195.9,258
"622","DSP-1001660012893-A-D04","cSCC","cSCC","04","D","Skin3",64386.65,320
"623","DSP-1001660012893-A-D05","cSCC","cSCC","05","D","Skin3",45274.68,308
"624","DSP-1001660012893-A-D06","cSCC","cSCC","06","D","Skin3",56592.75,337
"625","DSP-1001660012893-A-D07","cSCC","cSCC_Stroma","07","D","Skin3",34381.82,347
"626","DSP-1001660012893-A-D08","Derm","SunDamaged","08","D","Skin3",138856.26,244
"627","DSP-1001660012893-A-D09","Epi","AKCenter","09","D","Skin3",60853.54,306
"628","DSP-1001660012893-A-D10","Epi","AKCenter","10","D","Skin3",50355.42,285
"629","DSP-1001660012893-A-D11","Epi","AKCenter","11","D","Skin3",58593.86,325
"630","DSP-1001660012893-A-D12","Derm","AKCenter","12","D","Skin3",102783.62,308
"631","DSP-1001660012893-A-E01","Derm","AKCenter","01","E","Skin3",158252.83,313
"632","DSP-1001660012893-A-E02","Derm","AKCenter","02","E","Skin3",90197.72,283
"633","DSP-1001660012893-A-E03","Epi","AKEdge","03","E","Skin3",51085.67,295
"634","DSP-1001660012893-A-E04","Epi","AKEdge","04","E","Skin3",49627.09,320
"635","DSP-1001660012893-A-E05","Epi","AKEdge","05","E","Skin3",51507.21,298
"636","DSP-1001660012893-A-E06","Derm","AKEdge","06","E","Skin3",58852.43,240
"637","DSP-1001660012893-A-E07","Derm","AKEdge","07","E","Skin3",82858.08,288
"638","DSP-1001660012893-A-E08","Derm","AKEdge","08","E","Skin3",90227.73,288
"639","DSP-1001660012893-A-E09","Derm","SunDamaged","09","E","Skin3",56844.78,354
"640","DSP-1001660012893-A-E10","Derm","SunDamaged","10","E","Skin3",68316.24,397
"641","DSP-1001660012893-A-E11","Epi","SunDamaged","11","E","Skin3",32250.47,259
"642","DSP-1001660012893-A-E12","Epi","SunDamaged","12","E","Skin3",42196.96,282
"643","DSP-1001660012893-A-F01","Epi","SunDamaged","01","F","Skin3",51753.5,339
"644","DSP-1001660012893-A-F02","Derm","SunProtected","02","F","Skin3",63820.97,238
"645","DSP-1001660012893-A-F03","Derm","SunProtected","03","F","Skin3",72373.21,222
"646","DSP-1001660012893-A-F04","Derm","SunProtected","04","F","Skin3",87386.4,251
"647","DSP-1001660012893-A-F05","Epi","SunProtected","05","F","Skin3",33933.78,249
"648","DSP-1001660012893-A-F06","Epi","SunProtected","06","F","Skin3",38196.17,251
"649","DSP-1001660012893-A-F07","Epi","SunProtected","07","F","Skin3",35585.81,189
"650","DSP-1001660012893-A-F09","cSCC","cSCC_Stroma","09","F","Skin3",84998.54,372
"651","DSP-1001660012893-A-F10","cSCC","cSCC_Stroma","10","F","Skin3",63156.01,381
"652","DSP-1001660012893-A-F11","cSCC","cSCC","11","F","Skin3",84119.21,395
"653","DSP-1001660012893-A-F12","cSCC","cSCC","12","F","Skin3",98403.75,359
"654","DSP-1001660012893-A-G01","cSCC","cSCC","01","G","Skin3",147107.46,283
"655","DSP-1001660012893-A-G02","cSCC","cSCC","02","G","Skin3",32187.9,318
"656","DSP-1001660012893-A-G03","cSCC","cSCC","03","G","Skin3",52989.25,382
"657","DSP-1001660012893-A-G04","cSCC","cSCC","04","G","Skin3",50769.63,300
"658","DSP-1001660012893-A-G05","Derm","AKCenter","05","G","Skin3",63340.84,398
"659","DSP-1001660012893-A-G06","Derm","AKCenter","06","G","Skin3",109373.22,370
"660","DSP-1001660012893-A-G07","Derm","AKCenter","07","G","Skin3",63378.67,369
"661","DSP-1001660012893-A-G08","Epi","AKCenter","08","G","Skin3",72598.11,226
"662","DSP-1001660012893-A-G09","Epi","AKCenter","09","G","Skin3",65509.23,266
"663","DSP-1001660012893-A-G10","Epi","AKCenter","10","G","Skin3",84498.78,178
"664","DSP-1001660012893-A-G11","Derm","AKEdge","11","G","Skin3",101423.69,241
"665","DSP-1001660012893-A-G12","Derm","AKEdge","12","G","Skin3",83469.73,250
"666","DSP-1001660012893-A-H01","Derm","AKEdge","01","H","Skin3",96502.24,151
"667","DSP-1001660012893-A-H02","Epi","AKEdge","02","H","Skin3",43573.49,258
"668","DSP-1001660012893-A-H03","Epi","AKEdge","03","H","Skin3",50746.96,295
"669","DSP-1001660012893-A-H04","Epi","AKEdge","04","H","Skin3",33427.96,248
"670","DSP-1001660018727-B-A02","Derm","AKCenter","02","A","Skin2",47433.49,357
"671","DSP-1001660018727-B-A03","Derm","AKCenter","03","A","Skin2",40195.21,300
"672","DSP-1001660018727-B-A04","Derm","AKCenter","04","A","Skin2",42999.35,327
"673","DSP-1001660018727-B-A05","Epi","AKCenter","05","A","Skin2",46073.24,274
"674","DSP-1001660018727-B-A06","Epi","AKCenter","06","A","Skin2",161871.81,282
"675","DSP-1001660018727-B-A07","Epi","AKCenter","07","A","Skin2",87347.13,293
"676","DSP-1001660018727-B-A08","Derm","AKEdge","08","A","Skin2",55402.33,267
"677","DSP-1001660018727-B-A09","Derm","AKEdge","09","A","Skin2",105935.4,314
"678","DSP-1001660018727-B-A10","Derm","AKEdge","10","A","Skin2",57486.28,349
"679","DSP-1001660018727-B-A11","Epi","AKEdge","11","A","Skin2",32626.04,265
"680","DSP-1001660018727-B-A12","Epi","AKEdge","12","A","Skin2",38711.57,266
"681","DSP-1001660018727-B-B01","Epi","AKEdge","01","B","Skin2",29294.53,256
"682","DSP-1001660018727-B-B02","Derm","SunDamaged","02","B","Skin2",48166.6,335
"683","DSP-1001660018727-B-B03","Derm","SunDamaged","03","B","Skin2",41700.07,333
"684","DSP-1001660018727-B-B04","Derm","SunDamaged","04","B","Skin2",36351.33,338
"685","DSP-1001660018727-B-B05","Epi","SunDamaged","05","B","Skin2",27135.24,268
"686","DSP-1001660018727-B-B06","Epi","SunDamaged","06","B","Skin2",27546.26,240
"687","DSP-1001660018727-B-B07","Epi","SunDamaged","07","B","Skin2",27306.35,264
"688","DSP-1001660018727-B-B08","Derm","SunProtected","08","B","Skin2",63155.21,310
"689","DSP-1001660018727-B-B09","Derm","SunProtected","09","B","Skin2",100774.85,267
"690","DSP-1001660018727-B-B10","Derm","SunProtected","10","B","Skin2",78749.24,239
"691","DSP-1001660018727-B-B11","Epi","SunProtected","11","B","Skin2",29358.54,309
"692","DSP-1001660018727-B-B12","Epi","SunProtected","12","B","Skin2",44711.07,358
"693","DSP-1001660018727-B-C01","Epi","SunProtected","01","C","Skin2",35232.74,241
"694","DSP-1001660018727-B-C02","cSCC","cSCC_Stroma","02","C","Skin2",35814.06,308
"695","DSP-1001660018727-B-C03","cSCC","cSCC_Stroma","03","C","Skin2",51619.9,364
"696","DSP-1001660018727-B-C04","cSCC","cSCC_Stroma","04","C","Skin2",58924.58,344
"697","DSP-1001660018727-B-C05","cSCC","cSCC","05","C","Skin2",58284.52,141
"698","DSP-1001660018727-B-C06","cSCC","cSCC","06","C","Skin2",63028.31,151
"699","DSP-1001660018727-B-C07","cSCC","cSCC","07","C","Skin2",50470.19,160
"700","DSP-1001660018727-B-C08","cSCC","cSCC_Stroma","08","C","Skin2",50616.87,338
"701","DSP-1001660018727-B-C09","cSCC","cSCC_Stroma","09","C","Skin2",73059.08,471
"702","DSP-1001660018727-B-C10","cSCC","cSCC_Stroma","10","C","Skin2",43230.79,249
"703","DSP-1001660018727-B-C11","cSCC","cSCC","11","C","Skin2",52198.35,139
"704","DSP-1001660018727-B-C12","cSCC","cSCC","12","C","Skin2",141940.2,146
"705","DSP-1001660018727-B-D01","cSCC","cSCC","01","D","Skin2",113169.69,147
"706","DSP-1001660018727-B-D02","Derm","AKCenter","02","D","Skin2",69860.69,301
"707","DSP-1001660018727-B-D03","Derm","AKCenter","03","D","Skin2",57408.86,316
"708","DSP-1001660018727-B-D04","Derm","AKCenter","04","D","Skin2",39536.47,321
"709","DSP-1001660018727-B-D05","Epi","AKCenter","05","D","Skin2",72480.79,354
"710","DSP-1001660018727-B-D06","Epi","AKCenter","06","D","Skin2",52791.01,359
"711","DSP-1001660018727-B-D07","Epi","AKCenter","07","D","Skin2",56592.11,272
"712","DSP-1001660018727-B-D08","Derm","AKEdge","08","D","Skin2",76814.69,262
"713","DSP-1001660018727-B-D10","Derm","AKEdge","10","D","Skin2",114373.84,253
"714","DSP-1001660018727-B-D11","Epi","AKEdge","11","D","Skin2",38722.11,256
"715","DSP-1001660018727-B-D12","Epi","AKEdge","12","D","Skin2",37332.17,289
"716","DSP-1001660018727-B-E01","Epi","AKEdge","01","E","Skin2",30991.41,286
"717","DSP-1001660018727-B-E02","Derm","SunDamaged","02","E","Skin2",126965.32,203
"718","DSP-1001660018727-B-E03","Derm","SunDamaged","03","E","Skin2",89844.81,242
"719","DSP-1001660018727-B-E04","Derm","SunDamaged","04","E","Skin2",141084.98,206
"720","DSP-1001660018727-B-E05","Epi","SunDamaged","05","E","Skin2",41990.25,258
"721","DSP-1001660018727-B-E06","Epi","SunDamaged","06","E","Skin2",39379.25,259
"722","DSP-1001660018727-B-E07","Epi","SunDamaged","07","E","Skin2",38956.59,256
"723","DSP-1001660018727-B-E08","Derm","SunProtected","08","E","Skin2",85243.71,207
"724","DSP-1001660018727-B-E09","Derm","SunProtected","09","E","Skin2",83365.66,209
"725","DSP-1001660018727-B-E10","Derm","SunProtected","10","E","Skin2",75305.04,203
"726","DSP-1001660018727-B-E11","Epi","SunProtected","11","E","Skin2",35598.1,252
"727","DSP-1001660018727-B-E12","Epi","SunProtected","12","E","Skin2",42547.15,320
"728","DSP-1001660018727-B-F01","Epi","SunProtected","01","F","Skin2",36503.6,272
"729","DSP-1001660018727-B-F02","cSCC","cSCC_Stroma","02","F","Skin2",29032.28,369
"730","DSP-1001660018727-B-F03","cSCC","cSCC_Stroma","03","F","Skin2",43914.27,367
"731","DSP-1001660018727-B-F04","cSCC","cSCC","04","F","Skin2",128309.77,274
"732","DSP-1001660018727-B-F05","cSCC","cSCC","05","F","Skin2",52485.66,231
"733","DSP-1001660018727-B-F06","cSCC","cSCC","06","F","Skin2",56702.56,315
"734","DSP-1001660018727-B-F07","cSCC","cSCC","07","F","Skin2",65407.71,240
"735","DSP-1001660018727-B-F08","cSCC","cSCC_Stroma","08","F","Skin2",27216.33,358
"736","DSP-1001660018727-B-F09","cSCC","cSCC","09","F","Skin2",101790.81,301
"737","DSP-1001660018727-B-F10","cSCC","cSCC","10","F","Skin2",61346.92,233
"738","DSP-1001660018727-B-F11","cSCC","cSCC_Stroma","11","F","Skin2",62174.69,328
"739","DSP-1001660018727-B-F12","cSCC","cSCC_Stroma","12","F","Skin2",61729.52,320
"740","DSP-1001660018727-B-G01","cSCC","cSCC","01","G","Skin2",165813.05,268
"741","DSP-1001660018727-B-G02","cSCC","cSCC","02","G","Skin2",166984.48,254
"742","DSP-1001660018727-B-G03","cSCC","cSCC","03","G","Skin2",148678.56,200
"743","DSP-1001660018727-B-G04","cSCC","cSCC","04","G","Skin2",40019.47,276
"744","DSP-1001660018727-B-G05","cSCC","cSCC","05","G","Skin2",44376.52,241
"745","DSP-1001660018727-B-G06","cSCC","cSCC","06","G","Skin2",45405.08,203
"746","DSP-1001660018727-B-G07","cSCC","cSCC_Stroma","07","G","Skin2",79108.7,337
"747","DSP-1001660018728-B-A02","Derm","AKCenter","02","A","Skin4",57173.59,384
"748","DSP-1001660018728-B-A03","Derm","AKCenter","03","A","Skin4",60784.75,389
"749","DSP-1001660018728-B-A04","Derm","AKCenter","04","A","Skin4",79939.82,391
"750","DSP-1001660018728-B-A05","Epi","AKCenter","05","A","Skin4",35840.24,293
"751","DSP-1001660018728-B-A06","Epi","AKCenter","06","A","Skin4",62050.51,232
"752","DSP-1001660018728-B-A07","Epi","AKCenter","07","A","Skin4",42922.57,167
"753","DSP-1001660018728-B-A08","Derm","AKEdge","08","A","Skin4",38275.66,352
"754","DSP-1001660018728-B-A09","Derm","AKEdge","09","A","Skin4",45964.54,392
"755","DSP-1001660018728-B-A10","Derm","AKEdge","10","A","Skin4",38112.85,393
"756","DSP-1001660018728-B-A11","Epi","AKEdge","11","A","Skin4",45735.49,310
"757","DSP-1001660018728-B-A12","Epi","AKEdge","12","A","Skin4",23354.73,136
"758","DSP-1001660018728-B-B03","Derm","SunDamaged","03","B","Skin4",49283.28,355
"759","DSP-1001660018728-B-B04","Derm","SunDamaged","04","B","Skin4",56048.45,359
"760","DSP-1001660018728-B-B05","Epi","SunDamaged","05","B","Skin4",35234.01,260
"761","DSP-1001660018728-B-B06","Epi","SunDamaged","06","B","Skin4",33346.07,251
"762","DSP-1001660018728-B-B07","Epi","SunDamaged","07","B","Skin4",39877.09,290
"763","DSP-1001660018728-B-B08","Derm","SunProtected","08","B","Skin4",81247.71,227
"764","DSP-1001660018728-B-B09","Derm","SunProtected","09","B","Skin4",126053.28,232
"765","DSP-1001660018728-B-B10","Derm","SunProtected","10","B","Skin4",203572.99,291
"766","DSP-1001660018728-B-B11","Epi","SunProtected","11","B","Skin4",27784.08,227
"767","DSP-1001660018728-B-B12","Epi","SunProtected","12","B","Skin4",44480.27,355
"768","DSP-1001660018728-B-C04","cSCC","cSCC_Stroma","04","C","Skin4",49117.6,363
"769","DSP-1001660018728-B-C05","cSCC","cSCC","05","C","Skin4",123927.19,120
"770","DSP-1001660018728-B-C06","cSCC","cSCC","06","C","Skin4",172847.34,212
"771","DSP-1001660018728-B-C07","cSCC","cSCC","07","C","Skin4",83898.62,220
"772","DSP-1001660018728-B-C08","cSCC","cSCC","08","C","Skin4",170536.1,140
"773","DSP-1001660018728-B-C09","cSCC","cSCC","09","C","Skin4",119907.57,260
"774","DSP-1001660018728-B-C10","cSCC","cSCC","10","C","Skin4",83206.52,207
"775","DSP-1001660018728-B-C11","cSCC","cSCC_Stroma","11","C","Skin4",58163.69,260
"776","DSP-1001660018728-B-C12","cSCC","cSCC_Stroma","12","C","Skin4",58359.38,331
"777","DSP-1001660018728-B-E01","Epi","SunDamaged","01","E","Skin4",39341.58,262
"778","DSP-1001660018728-B-E02","Derm","SunProtected","02","E","Skin4",59266.32,258
"779","DSP-1001660018728-B-E03","Derm","SunProtected","03","E","Skin4",77779.57,266
"780","DSP-1001660018728-B-E04","Derm","SunProtected","04","E","Skin4",53736.41,330
"781","DSP-1001660018728-B-E05","Epi","SunProtected","05","E","Skin4",24969.73,249
"782","DSP-1001660018728-B-E07","Epi","SunProtected","07","E","Skin4",30471.7,318
"783","DSP-1001660018728-B-E08","cSCC","cSCC_Stroma","08","E","Skin4",101584.74,342
"784","DSP-1001660018728-B-E09","cSCC","cSCC_Stroma","09","E","Skin4",70647.92,248
"785","DSP-1001660018728-B-E10","cSCC","cSCC_Stroma","10","E","Skin4",46794.54,280
"786","DSP-1001660018728-B-E11","cSCC","cSCC","11","E","Skin4",49108.02,216
"787","DSP-1001660018728-B-E12","cSCC","cSCC","12","E","Skin4",53631.23,227
"788","DSP-1001660018728-B-F01","cSCC","cSCC","01","F","Skin4",48892.38,258
"789","DSP-1001660018728-B-F02","cSCC","cSCC","02","F","Skin4",53941.2,309
"790","DSP-1001660018728-B-F03","cSCC","cSCC_Stroma","03","F","Skin4",50743.93,388
"791","DSP-1001660018728-B-F04","cSCC","cSCC_Stroma","04","F","Skin4",54035.21,386
"792","DSP-1001660018728-B-F05","cSCC","cSCC_Stroma","05","F","Skin4",34828.75,370
"793","DSP-1001660018728-B-F06","cSCC","cSCC","06","F","Skin4",121010.2,225
"794","DSP-1001660018728-B-F07","cSCC","cSCC","07","F","Skin4",157241.66,315
"795","DSP-1001660018728-B-F08","cSCC","cSCC","08","F","Skin4",111908.24,220
"796","DSP-1001660018728-B-F09","cSCC","cSCC","09","F","Skin4",70025.41,427
"797","DSP-1001660018728-B-F10","cSCC","cSCC","10","F","Skin4",68165.72,376
"798","DSP-1001660018728-B-F11","cSCC","cSCC","11","F","Skin4",77146.37,376
"799","DSP-1001660018729-A-A02","cSCC","cSCC_Stroma","02","A","Skin7",104167.81,281
"800","DSP-1001660018729-A-A03","cSCC","cSCC_Stroma","03","A","Skin7",65237.56,278
"801","DSP-1001660018729-A-A04","cSCC","cSCC_Stroma","04","A","Skin7",83204.13,277
"802","DSP-1001660018729-A-A05","cSCC","cSCC","05","A","Skin7",126935.16,203
"803","DSP-1001660018729-A-A06","cSCC","cSCC","06","A","Skin7",159960.88,250
"804","DSP-1001660018729-A-A07","cSCC","cSCC","07","A","Skin7",132236.81,185
"805","DSP-1001660018729-A-A08","cSCC","cSCC","08","A","Skin7",116773.03,276
"806","DSP-1001660018729-A-A09","cSCC","cSCC","09","A","Skin7",179514.51,317
"807","DSP-1001660018729-A-A10","cSCC","cSCC","10","A","Skin7",108207.86,328
"808","DSP-1001660018729-A-A11","Derm","AKCenter","11","A","Skin7",61288.02,250
"809","DSP-1001660018729-A-A12","Derm","AKCenter","12","A","Skin7",52900.18,226
"810","DSP-1001660018729-A-B01","Derm","AKCenter","01","B","Skin7",86294.62,266
"811","DSP-1001660018729-A-B02","Epi","AKCenter","02","B","Skin7",47383.53,235
"812","DSP-1001660018729-A-B03","Epi","AKCenter","03","B","Skin7",38127.38,244
"813","DSP-1001660018729-A-B04","Epi","AKCenter","04","B","Skin7",42274.69,286
"814","DSP-1001660018729-A-B05","Derm","AKEdge","05","B","Skin7",31629.08,259
"815","DSP-1001660018729-A-B06","Derm","AKEdge","06","B","Skin7",42354.66,267
"816","DSP-1001660018729-A-B07","Derm","AKEdge","07","B","Skin7",43670.05,290
"817","DSP-1001660018729-A-B08","Epi","AKEdge","08","B","Skin7",31442.49,222
"818","DSP-1001660018729-A-B09","Epi","AKEdge","09","B","Skin7",19895.21,144
"819","DSP-1001660018729-A-B10","Epi","AKEdge","10","B","Skin7",21107.97,135
"820","DSP-1001660018729-A-B11","cSCC","cSCC","11","B","Skin7",202322.24,150
"821","DSP-1001660018729-A-B12","cSCC","cSCC_Stroma","12","B","Skin7",66807.71,316
"822","DSP-1001660018729-A-C01","cSCC","cSCC_Stroma","01","C","Skin7",61660.88,321
"823","DSP-1001660018729-A-C02","cSCC","cSCC_Stroma","02","C","Skin7",57918.04,310
"824","DSP-1001660018729-A-C03","cSCC","cSCC","03","C","Skin7",303547.05,137
"825","DSP-1001660018729-A-C04","cSCC","cSCC","04","C","Skin7",200148.43,147
"826","DSP-1001660018729-A-C05","cSCC","cSCC","05","C","Skin7",100565.91,213
"827","DSP-1001660018729-A-C06","cSCC","cSCC","06","C","Skin7",70824.13,221
"828","DSP-1001660018729-A-C07","cSCC","cSCC","07","C","Skin7",53829.79,215
"829","DSP-1001660018729-A-C08","Derm","AKCenter","08","C","Skin7",62459.76,273
"830","DSP-1001660018729-A-C09","Derm","AKCenter","09","C","Skin7",92624.52,248
"831","DSP-1001660018729-A-C10","Derm","AKCenter","10","C","Skin7",119036.71,238
"832","DSP-1001660018729-A-C11","Epi","AKCenter","11","C","Skin7",25243.47,223
"833","DSP-1001660018729-A-C12","Epi","AKCenter","12","C","Skin7",35987.56,238
"834","DSP-1001660018729-A-D01","Epi","AKCenter","01","D","Skin7",38875.18,275
"835","DSP-1001660018729-A-D02","Derm","AKEdge","02","D","Skin7",92507.05,208
"836","DSP-1001660018729-A-D03","Derm","AKEdge","03","D","Skin7",147371.79,226
"837","DSP-1001660018729-A-D04","Derm","AKEdge","04","D","Skin7",131764.67,285
"838","DSP-1001660018729-A-D05","Epi","AKEdge","05","D","Skin7",26486.88,182
"839","DSP-1001660018729-A-D06","Epi","AKEdge","06","D","Skin7",32014.87,217
"840","DSP-1001660018729-A-D07","Epi","AKEdge","07","D","Skin7",38641.5,256
"841","DSP-1001660018729-A-D08","Derm","AKCenter","08","D","Skin7",95619.72,302
"842","DSP-1001660018729-A-D09","Derm","AKCenter","09","D","Skin7",100916.11,287
"843","DSP-1001660018729-A-D10","Derm","AKCenter","10","D","Skin7",118173.82,304
"844","DSP-1001660018729-A-D11","Epi","AKCenter","11","D","Skin7",68267.72,363
"845","DSP-1001660018729-A-D12","Epi","AKCenter","12","D","Skin7",43412.59,235
"846","DSP-1001660018729-A-E01","Epi","AKCenter","01","E","Skin7",42755.29,216
"847","DSP-1001660018729-A-E02","Derm","AKEdge","02","E","Skin7",123745.39,134
"848","DSP-1001660018729-A-E03","Derm","AKEdge","03","E","Skin7",85574.11,199
"849","DSP-1001660018729-A-E04","Derm","AKEdge","04","E","Skin7",50529.56,272
"850","DSP-1001660018729-A-E05","Epi","AKEdge","05","E","Skin7",34158.2,259
"851","DSP-1001660018729-A-E06","Epi","AKEdge","06","E","Skin7",38849,266
"852","DSP-1001660018729-A-E07","Epi","AKEdge","07","E","Skin7",59349.16,315
"853","DSP-1001660018729-A-E08","Derm","SunDamaged","08","E","Skin7",69895.49,271
"854","DSP-1001660018729-A-E09","Derm","SunDamaged","09","E","Skin7",91373.61,303
"855","DSP-1001660018729-A-E10","Derm","SunDamaged","10","E","Skin7",82854.41,281
"856","DSP-1001660018729-A-E11","Epi","SunDamaged","11","E","Skin7",30645.53,263
"857","DSP-1001660018729-A-E12","Epi","SunDamaged","12","E","Skin7",39760.25,284
"858","DSP-1001660018729-A-F01","Epi","SunDamaged","01","F","Skin7",27924.39,233
"859","DSP-1001660018729-A-F02","Derm","SunProtected","02","F","Skin7",77280.77,279
"860","DSP-1001660018729-A-F03","Derm","SunProtected","03","F","Skin7",64610.59,286
"861","DSP-1001660018729-A-F04","Derm","SunProtected","04","F","Skin7",85617.37,253
"862","DSP-1001660018729-A-F05","Epi","SunProtected","05","F","Skin7",26758.87,246
"863","DSP-1001660018729-A-F06","Epi","SunProtected","06","F","Skin7",39922.74,332
"864","DSP-1001660018729-A-F07","Epi","SunProtected","07","F","Skin7",30392.37,240
"865","DSP-1001660018729-A-F08","Derm","AKCenter","08","F","Skin7",70940.97,316
"866","DSP-1001660018729-A-F09","Derm","AKCenter","09","F","Skin7",105357.91,306
"867","DSP-1001660018729-A-F10","Derm","AKCenter","10","F","Skin7",78831.28,317
"868","DSP-1001660018729-A-F11","Epi","AKCenter","11","F","Skin7",64348.34,268
"869","DSP-1001660018729-A-F12","Epi","AKCenter","12","F","Skin7",64068.53,328
"870","DSP-1001660018729-A-G01","Epi","AKCenter","01","G","Skin7",47278.98,307
"871","DSP-1001660018729-A-G02","Derm","AKEdge","02","G","Skin7",109984.23,304
"872","DSP-1001660018729-A-G03","Derm","AKEdge","03","G","Skin7",65693.27,247
"873","DSP-1001660018729-A-G04","Derm","AKEdge","04","G","Skin7",109653.5,312
"874","DSP-1001660018729-A-G05","Epi","AKEdge","05","G","Skin7",63756.01,315
"875","DSP-1001660018729-A-G06","Epi","AKEdge","06","G","Skin7",57960.02,237
"876","DSP-1001660018729-A-G07","Epi","AKEdge","07","G","Skin7",59756.34,301
"877","DSP-1001660018729-A-G08","Derm","SunDamaged","08","G","Skin7",152455.24,257
"878","DSP-1001660018729-A-G09","Derm","SunDamaged","09","G","Skin7",177069.67,291
"879","DSP-1001660018729-A-G10","Derm","SunDamaged","10","G","Skin7",165195.82,297
"880","DSP-1001660018729-A-G11","Epi","SunDamaged","11","G","Skin7",34274.24,240
"881","DSP-1001660018729-A-G12","Epi","SunDamaged","12","G","Skin7",43931.35,314
"882","DSP-1001660018729-A-H01","Epi","SunDamaged","01","H","Skin7",45649.93,323
"883","DSP-1001660018729-A-H02","Derm","SunProtected","02","H","Skin7",96873.67,328
"884","DSP-1001660018729-A-H03","Derm","SunProtected","03","H","Skin7",106959.66,349
"885","DSP-1001660018729-A-H04","Derm","SunProtected","04","H","Skin7",98232,331
"886","DSP-1001660018729-A-H05","Epi","SunProtected","05","H","Skin7",36910.78,291
"887","DSP-1001660018729-A-H06","Epi","SunProtected","06","H","Skin7",38850.76,302
"888","DSP-1001660018729-A-H07","Epi","SunProtected","07","H","Skin7",39526.26,320
"889","DSP-1001660036877-D-A02","Derm","AKCenter","02","A","Skin14",66783.93,239
"890","DSP-1001660036877-D-A03","Derm","AKCenter","03","A","Skin14",102873.16,270
"891","DSP-1001660036877-D-A04","Derm","AKCenter","04","A","Skin14",67880.17,222
"892","DSP-1001660036877-D-A05","Epi","AKCenter","05","A","Skin14",140828,233
"893","DSP-1001660036877-D-A06","Epi","AKCenter","06","A","Skin14",74703.77,234
"894","DSP-1001660036877-D-A07","Epi","AKCenter","07","A","Skin14",89308.81,242
"895","DSP-1001660036877-D-A08","Derm","AKEdge","08","A","Skin14",172266.34,233
"896","DSP-1001660036877-D-A09","Derm","AKEdge","09","A","Skin14",106823.03,220
"897","DSP-1001660036877-D-A10","Derm","AKEdge","10","A","Skin14",180960.16,227
"898","DSP-1001660036877-D-A11","Epi","AKEdge","11","A","Skin14",52877.04,209
"899","DSP-1001660036877-D-A12","Epi","AKEdge","12","A","Skin14",35002.89,209
"900","DSP-1001660036877-D-B01","Epi","AKEdge","01","B","Skin14",31375.77,223
"901","DSP-1001660036877-D-B02","Derm","SunProtected","02","B","Skin14",158962,206
"902","DSP-1001660036877-D-B03","Derm","SunProtected","03","B","Skin14",134919.16,242
"903","DSP-1001660036877-D-B04","Derm","SunProtected","04","B","Skin14",185027.82,221
"904","DSP-1001660036877-D-B05","Epi","SunProtected","05","B","Skin14",33119.1,272
"905","DSP-1001660036877-D-B06","Epi","SunProtected","06","B","Skin14",30259.41,233
"906","DSP-1001660036877-D-B07","Epi","SunProtected","07","B","Skin14",41207.01,308
"907","DSP-1001660036877-D-B08","Derm","SunDamaged","08","B","Skin14",70360.45,282
"908","DSP-1001660036877-D-B09","Derm","SunDamaged","09","B","Skin14",92102.9,216
"909","DSP-1001660036877-D-B10","Derm","SunDamaged","10","B","Skin14",64361.59,256
"910","DSP-1001660036877-D-B11","Epi","SunDamaged","11","B","Skin14",36722.76,234
"911","DSP-1001660036877-D-B12","Epi","SunDamaged","12","B","Skin14",27721.04,166
"912","DSP-1001660036877-D-C01","Epi","SunDamaged","01","C","Skin14",33320.85,187
"913","DSP-1001660036877-D-C02","Epi","AKCenter","02","C","Skin14",82209.08,410
"914","DSP-1001660036877-D-C03","Epi","AKCenter","03","C","Skin14",78535.19,324
"915","DSP-1001660036877-D-C04","Epi","AKCenter","04","C","Skin14",69346.41,352
"916","DSP-1001660036877-D-C05","Epi","AKEdge","05","C","Skin14",59174.86,116
"917","DSP-1001660036877-D-C06","Epi","AKEdge","06","C","Skin14",55066.97,133
"918","DSP-1001660036877-D-C07","Epi","AKEdge","07","C","Skin14",48256.15,129
"919","DSP-1001660036877-D-C08","Derm","AKCenter","08","C","Skin14",102285.14,190
"920","DSP-1001660036877-D-C09","Derm","AKCenter","09","C","Skin14",72161.24,286
"921","DSP-1001660036877-D-C10","Derm","AKCenter","10","C","Skin14",76830.49,269
"922","DSP-1001660036877-D-C11","Epi","AKCenter","11","C","Skin14",56115.49,220
"923","DSP-1001660036877-D-C12","Epi","AKCenter","12","C","Skin14",51080.08,108
"924","DSP-1001660036877-D-D01","Epi","AKCenter","01","D","Skin14",86593.42,103
"925","DSP-1001660036877-D-D02","Derm","AKEdge","02","D","Skin14",97730.65,185
"926","DSP-1001660036877-D-D03","Derm","AKEdge","03","D","Skin14",115591.71,208
"927","DSP-1001660036877-D-D04","Derm","AKEdge","04","D","Skin14",127666.52,197
"928","DSP-1001660036877-D-D05","Epi","AKEdge","05","D","Skin14",32724.21,196
"929","DSP-1001660036877-D-D06","Epi","AKEdge","06","D","Skin14",29918.63,202
"930","DSP-1001660036877-D-D07","Epi","AKEdge","07","D","Skin14",23418.9,204
"931","DSP-1001660036877-D-D08","Derm","AKCenter","08","D","Skin14",111366.35,222
"932","DSP-1001660036877-D-D09","Derm","AKCenter","09","D","Skin14",116190.11,219
"933","DSP-1001660036877-D-D10","Derm","AKCenter","10","D","Skin14",83854.25,238
"934","DSP-1001660036877-D-D11","Epi","AKCenter","11","D","Skin14",44809.71,225
"935","DSP-1001660036877-D-D12","Epi","AKCenter","12","D","Skin14",35660.83,222
"936","DSP-1001660036877-D-E01","Epi","AKCenter","01","E","Skin14",39560.41,223
"937","DSP-1001660036877-D-E02","Derm","AKEdge","02","E","Skin14",93301.46,252
"938","DSP-1001660036877-D-E03","Derm","AKEdge","03","E","Skin14",71695,245
"939","DSP-1001660036877-D-E04","Derm","AKEdge","04","E","Skin14",61323.29,287
"940","DSP-1001660036877-D-E05","Epi","AKEdge","05","E","Skin14",17599.77,111
"941","DSP-1001660036877-D-E06","Epi","AKEdge","06","E","Skin14",23597.19,121
"942","DSP-1001660036877-D-E07","Epi","AKEdge","07","E","Skin14",23694.56,139
"943","DSP-1001660036877-D-E08","cSCC","cSCC_Stroma","08","E","Skin14",34138.57,253
"944","DSP-1001660036877-D-E09","cSCC","cSCC_Stroma","09","E","Skin14",31834.67,269
"945","DSP-1001660036877-D-E10","cSCC","cSCC_Stroma","10","E","Skin14",30592.85,265
"946","DSP-1001660036877-D-E11","cSCC","cSCC","11","E","Skin14",110349.43,193
"947","DSP-1001660036877-D-E12","cSCC","cSCC","12","E","Skin14",99569.75,276
"948","DSP-1001660036877-D-F01","cSCC","cSCC","01","F","Skin14",75943.82,219
"949","DSP-1001660036877-D-F02","cSCC","cSCC","02","F","Skin14",50341.69,198
"950","DSP-1001660036877-D-F03","cSCC","cSCC","03","F","Skin14",40140.14,237
"951","DSP-1001660036877-D-F04","cSCC","cSCC","04","F","Skin14",37479.02,203
"952","DSP-1001660036877-D-F05","Derm","AKCenter","05","F","Skin14",61618.26,231
"953","DSP-1001660036877-D-F06","Derm","AKCenter","06","F","Skin14",49781.28,170
"954","DSP-1001660036877-D-F07","Derm","AKCenter","07","F","Skin14",58025.62,231
"955","DSP-1001660036877-D-F08","Epi","AKCenter","08","F","Skin14",37192.67,222
"956","DSP-1001660036877-D-F09","Epi","AKCenter","09","F","Skin14",34194.43,216
"957","DSP-1001660036877-D-F10","Epi","AKCenter","10","F","Skin14",42090.49,244
"958","DSP-1001660036877-D-F11","Derm","AKEdge","11","F","Skin14",80264.32,141
"959","DSP-1001660036877-D-F12","Derm","AKEdge","12","F","Skin14",96281.65,238
"960","DSP-1001660036877-D-G01","Derm","AKEdge","01","G","Skin14",100232.95,239
"961","DSP-1001660036877-D-G02","Epi","AKEdge","02","G","Skin14",16593.87,115
"962","DSP-1001660036877-D-G03","Epi","AKEdge","03","G","Skin14",22648.91,120
"963","DSP-1001660036877-D-G04","Epi","AKEdge","04","G","Skin14",16777.74,111
"964","DSP-1001660036877-D-G05","cSCC","cSCC_Stroma","05","G","Skin14",46054.72,250
"965","DSP-1001660036877-D-G06","cSCC","cSCC_Stroma","06","G","Skin14",40475.33,295
"966","DSP-1001660036877-D-G07","cSCC","cSCC_Stroma","07","G","Skin14",56468.88,320
"967","DSP-1001660036877-D-G08","cSCC","cSCC","08","G","Skin14",30878.88,271
"968","DSP-1001660036877-D-G09","cSCC","cSCC","09","G","Skin14",43558.96,264
"969","DSP-1001660036877-D-G10","cSCC","cSCC","10","G","Skin14",28449.37,253
